Workbook
Name _GoBack: 'AVAILABILITY DASHBOARD'!#REF!
Name AA: 'CONTAINER HANDLERS FAULTS'!$FDV$1

Sheet RELIABILITY SNAP SHOT
D2: UPTIME % | F2: TOTAL CALLS | G2: AV. CALL/EQUIP. | H2: MTBF | J2: MTTR | L2: UTILIZATION
B3: =CONCATENATE("DATE:"," ",'OTHER REPORTS'!A3) -> DATE: TUESDAY 21ST OCTOBER 2025 | D3: TARGET | E3: ACTUAL | H3: TARGET | I3: ACTUAL | J3: TARGET | K3: ACTUAL | L3: TARGET | M3: ACTUAL
B4: SHIP TO SHORE GANTRY | C4: STS | D4: 90 | E4: ='AVAILABILITY DASHBOARD'!P6 -> 90.690104 | F4: =SUM('AVAILABILITY DASHBOARD'!M6:M12) -> 13 | G4: =F4/7 -> 1.8571429 | I4: ='AVAILABILITY DASHBOARD'!Q6 -> 0.57897377 | J4: 0.03125 | K4: ='AVAILABILITY DASHBOARD'!R6 -> 0.11226852
B5: RAIL MOUNTED GANTRY | C5: RMG | D5: 95 | E5: ='AVAILABILITY DASHBOARD'!P23 -> 86.892361 | F5: =SUM('AVAILABILITY DASHBOARD'!#REF!) -> #REF! | G5: =F5/2 -> #REF! | I5: ='AVAILABILITY DASHBOARD'!Q23 -> 0.89513889 | J5: 0.03125 | K5: ='AVAILABILITY DASHBOARD'!R23 -> 0.048611111
B6: RUBBER TYRE GANTRY | C6: RTG | D6: 87 | E6: ='AVAILABILITY DASHBOARD'!P32 -> 75.89367 | F6: =SUM('AVAILABILITY DASHBOARD'!M32:M63) -> 8 | G6: =F6/34 -> 0.23529412 | I6: ='AVAILABILITY DASHBOARD'!Q32 -> 0.82602294 | J6: 0.03125 | K6: ='AVAILABILITY DASHBOARD'!R32 -> 2.0726981
B7: STS SPREADERS | C7: STSSPD | D7: 92 | E7: ='AVAILABILITY DASHBOARD'!H266 -> 93.548387
B8: MANUAL SPREADERS | C8: MSPD | D8: 92 | E8: ='AVAILABILITY DASHBOARD'!H270 -> 100
B9: OVER HEIGHT SPREADERS | C9: OHS | D9: 92 | E9: ='AVAILABILITY DASHBOARD'!H271 -> 92.857143
B10: REACHSTACKERS | C10: R/S | D10: 80 | E10: ='AVAILABILITY DASHBOARD'!#REF! -> #REF! | F10: =SUM('AVAILABILITY DASHBOARD'!M99:M117) -> 3 | G10: =F10/20 -> 0.15 | I10: ='AVAILABILITY DASHBOARD'!#REF! -> #REF! | J10: 0.03125 | K10: ='AVAILABILITY DASHBOARD'!#REF! -> #REF!
B11: EMPTY CONTAINER HANDLERS | C11: ECH | D11: 85 | E11: ='AVAILABILITY DASHBOARD'!#REF! -> #REF! | F11: =SUM('AVAILABILITY DASHBOARD'!M119:M120) -> 0 | G11: =F11/5 -> 0 | I11: ='AVAILABILITY DASHBOARD'!#REF! -> #REF! | J11: 0.03125 | K11: ='AVAILABILITY DASHBOARD'!#REF! -> #REF!
B12: GANTRY SPREADERS | C12: GSPD | D12: 90 | E12: ='AVAILABILITY DASHBOARD'!H268 -> 94.339623
B13: REEFER POINTS | C13: RP | D13: 95 | E13: ='AVAILABILITY DASHBOARD'!#REF! -> #REF!
B14: TERMINAL TRACTORS | C14: TT | D14: 80 | E14: ='AVAILABILITY DASHBOARD'!#REF! -> #REF!
B15: SKELETAL TRAILER | C15: ST | D15: 80 | E15: ='AVAILABILITY DASHBOARD'!#REF! -> #REF!
B16: LOWBED TRAILER | C16: LBT | D16: 80 | E16: ='AVAILABILITY DASHBOARD'!#REF! -> #REF!

Sheet EXECUTIVE SUMMARY1
A1: CONTAINER TERMINAL ENGINEERING EQUIPMENT AVALABILITY SUMMARY:
A2: DATE | B2: ='OTHER REPORTS'!A3 -> TUESDAY 21ST OCTOBER 2025
A3: EQUIPMENT GROUP | B3: HOLDING | C3: AVAILABLE AS @ 0700 | D3: BROKENDOWN | E3: LAST 24HRS % AVAILABILITY | G3: SET TARGET | H3: ON PLANNED MAINTENANCE (TODAY)
A4: S.T.S | B4: ='AVAILABILITY DASHBOARD'!D5 -> 16 | C4: ='AVAILABILITY DASHBOARD'!E5 -> 15 | D4: =B4-C4 -> 1 | E4: ='AVAILABILITY DASHBOARD'!P6 -> 90.690104 | F4: ='AVAILABILITY DASHBOARD'!E8 -> 14.510417 | G4: 0.9 | H4: ='OTHER REPORTS'!D32 -> NIL
A5: R.M.G | B5: ='AVAILABILITY DASHBOARD'!D22 -> 8 | C5: ='AVAILABILITY DASHBOARD'!E22 -> 7 | D5: =B5-C5 -> 1 | E5: ='AVAILABILITY DASHBOARD'!P23 -> 86.892361 | F5: ='AVAILABILITY DASHBOARD'!E25 -> 6.9513889 | G5: 0.95 | H5: ='OTHER REPORTS'!#REF! -> #REF!
A6: R.T.G | B6: ='AVAILABILITY DASHBOARD'!D31 -> 52 | C6: ='AVAILABILITY DASHBOARD'!E31 -> 43 | D6: =B6-C6 -> 9 | E6: ='AVAILABILITY DASHBOARD'!P32 -> 75.89367 | F6: ='AVAILABILITY DASHBOARD'!E31 -> 43 | G6: 0.9 | H6: ='OTHER REPORTS'!#REF! -> #REF!
A7: M.H.C | B7: 2 | C7: ='AVAILABILITY DASHBOARD'!E93 -> 2 | D7: =B7-C7 -> 0 | E7: ='AVAILABILITY DASHBOARD'!P94 -> 74.479167 | F7: ='AVAILABILITY DASHBOARD'!E94 -> 2.9791667 | G7: 0.9 | H7: ='OTHER REPORTS'!#REF! -> #REF!
A8: R/STACKERS | B8: ='AVAILABILITY DASHBOARD'!D98 -> 19 | C8: ='AVAILABILITY DASHBOARD'!E98 -> 10 | D8: =B8-C8 -> 9 | E8: ='AVAILABILITY DASHBOARD'!#REF! -> #REF! | F8: ='AVAILABILITY DASHBOARD'!#REF! -> #REF! | G8: 0.9 | H8: ='OTHER REPORTS'!D36 -> NIL
A9: E.C.H | B9: ='AVAILABILITY DASHBOARD'!D118 -> 21 | C9: ='AVAILABILITY DASHBOARD'!E118 -> 13 | D9: =B9-C9 -> 8 | E9: ='AVAILABILITY DASHBOARD'!#REF! -> #REF! | F9: ='AVAILABILITY DASHBOARD'!#REF! -> #REF! | G9: 0.9 | H9: ='OTHER REPORTS'!#REF! -> #REF!
A10: T/TRACTOR | B10: ='AVAILABILITY DASHBOARD'!D140 -> 116 | C10: ='AVAILABILITY DASHBOARD'!E140 -> 85 | D10: =B10-C10 -> 31 | E10: ='AVAILABILITY DASHBOARD'!#REF! -> #REF! | F10: ='AVAILABILITY DASHBOARD'!#REF! -> #REF! | G10: 0.9 | H10: ='OTHER REPORTS'!D37 -> KTT193, TTT167
A11: S/TRAILERS | B11: ='AVAILABILITY DASHBOARD'!#REF! -> #REF! | C11: ='AVAILABILITY DASHBOARD'!#REF! -> #REF! | D11: =B11-C11 -> #REF! | E11: ='AVAILABILITY DASHBOARD'!#REF! -> #REF! | F11: ='AVAILABILITY DASHBOARD'!#REF! -> #REF! | G11: 0.9 | H11: ='OTHER REPORTS'!D38 -> NIL
A13: SHIP TO SHORE STATUS REPORT
A14: EQUIP. | B14: OPERATION STATUS REMARKS
A15: STS 1602 | B15: =CONCATENATE('OTHER REPORTS'!D42," (",'OTHER REPORTS'!C42," )") -> (O.K (AVAILABLE) )
A16: STS 1702 | B16: =CONCATENATE('OTHER REPORTS'!D43," (",'OTHER REPORTS'!C43," )") -> (O.K (AVAILABLE) )
A17: STS 1703 | B17: =CONCATENATE('OTHER REPORTS'!D44," (",'OTHER REPORTS'!C44," )") -> (O.K (AVAILABLE) )
A18: STS 1803 | B18: =CONCATENATE('OTHER REPORTS'!D45," (",'OTHER REPORTS'!C45," )") -> (O.K (AVAILABLE) )
A19: STS 1804 | B19: =CONCATENATE('OTHER REPORTS'!D46," (",'OTHER REPORTS'!C46," )") -> (O.K (AVAILABLE) )
A20: STS 1901 | B20: =CONCATENATE('OTHER REPORTS'!D47," (",'OTHER REPORTS'!C47," )") -> (O.K (AVAILABLE) )
A21: STS 1902 | B21: =CONCATENATE('OTHER REPORTS'!D48," (",'OTHER REPORTS'!C48," )") -> (O.K (AVAILABLE) )
A22: STS 1903 | B22: =CONCATENATE('OTHER REPORTS'!D49," (",'OTHER REPORTS'!C49," )") -> (O.K (AVAILABLE) )
A23: STS 1904 | B23: =CONCATENATE('OTHER REPORTS'!D50," (",'OTHER REPORTS'!C50," )") -> (O.K (AVAILABLE) )
A24: STS 1905 | B24: =CONCATENATE('OTHER REPORTS'!D51," (",'OTHER REPORTS'!C51," )") -> (O.K (AVAILABLE) )
A25: STS 2101 | B25: =CONCATENATE('OTHER REPORTS'!D52," (",'OTHER REPORTS'!C52," )") -> (NOT (AVAILABLE) )
A26: STS 2102 | B26: =CONCATENATE('OTHER REPORTS'!D53," (",'OTHER REPORTS'!C53," )") -> (O.K (AVAILABLE) )

Sheet EXECUTIVE SUMMARY
A1: CONTAINER TERMINAL ENGINEERING EQUIPMENT AVAILABILITY SUMMARY
A2: DATE | B2: ='OTHER REPORTS'!A3 -> TUESDAY 21ST OCTOBER 2025
A3: EQUIPMENT GROUP | B3: HOLDING | C3: AVAILABILE AS @0700HRS | D3: BREAKDOWN | E3: LAST 24HRS % AVAILABILITY | G3: SET TARGET | H3: DOWN TIME (MIN) | I3: EQUIPMENT ON PREVENTIVE MAINTENANCE - TODAY
A4: STS | B4: ='AVAILABILITY DASHBOARD'!D5 -> 16 | C4: ='AVAILABILITY DASHBOARD'!E5 -> 15 | D4: =B4-C4 -> 1 | E4: ='AVAILABILITY DASHBOARD'!P6 -> 90.690104 | F4: =C4 -> 15 | G4: 0.9 | H4: ='AVAILABILITY DASHBOARD'!G22 -> 89.375 | I4: EQPT CLASS | J4: EQPT NO. 1 | K4: EQPT NO. 2
A5: RMG | B5: ='AVAILABILITY DASHBOARD'!D22 -> 8 | C5: ='AVAILABILITY DASHBOARD'!E22 -> 7 | D5: =B5-C5 -> 1 | E5: ='AVAILABILITY DASHBOARD'!P23 -> 86.892361 | F5: =C5 -> 7 | G5: 0.9 | H5: ='AVAILABILITY DASHBOARD'!G31 -> 62.916667 | I5: STS | J5: =CONCATENATE('OTHER REPORTS'!C32) -> STS1804 | K5: =CONCATENATE('OTHER REPORTS'!D32) -> NIL
A6: RTG | B6: ='AVAILABILITY DASHBOARD'!D31 -> 52 | C6: ='AVAILABILITY DASHBOARD'!E31 -> 43 | D6: =B6-C6 -> 9 | E6: ='AVAILABILITY DASHBOARD'!P32 -> 75.89367 | F6: =C6 -> 43 | G6: 0.9 | H6: ='AVAILABILITY DASHBOARD'!G93 -> 942.29167 | I6: RMG | J6: =CONCATENATE('OTHER REPORTS'!C33) -> NIL | K6: =CONCATENATE('OTHER REPORTS'!D33) -> NIL
A7: MHC | B7: ='AVAILABILITY DASHBOARD'!D93 -> 4 | C7: ='AVAILABILITY DASHBOARD'!E93 -> 2 | D7: =B7-C7 -> 2 | E7: ='AVAILABILITY DASHBOARD'!P94 -> 74.479167 | F7: =C7 -> 2 | G7: 0.9 | H7: ='AVAILABILITY DASHBOARD'!G98 -> 61.25 | I7: RTG | J7: =CONCATENATE('OTHER REPORTS'!C34) -> RTG211 | K7: =CONCATENATE('OTHER REPORTS'!D34) -> RTG217
A8: R/STACKERS | B8: 19 | C8: ='AVAILABILITY DASHBOARD'!E98 -> 10 | D8: =B8-C8 -> 9 | E8: ='AVAILABILITY DASHBOARD'!P119 -> 66.45172 | F8: =C8 -> 10 | G8: 0.9 | H8: ='AVAILABILITY DASHBOARD'!G118 -> 578.95833 | I8: MHC | J8: =CONCATENATE('OTHER REPORTS'!C35) -> NIL | K8: =CONCATENATE('OTHER REPORTS'!D35) -> NIL
A9: ECH | B9: 21 | C9: ='AVAILABILITY DASHBOARD'!E118 -> 13 | D9: =B9-C9 -> 8 | E9: ='AVAILABILITY DASHBOARD'!P99 -> 49.214181 | F9: =C9 -> 13 | G9: 0.9 | H9: ='AVAILABILITY DASHBOARD'!G140 -> 422.70833 | I9: R/STACKERS-ECH | J9: =CONCATENATE('OTHER REPORTS'!C36) -> HK39 | K9: =CONCATENATE('OTHER REPORTS'!D36) -> NIL
A10: T/TRACTORS | B10: 116 | C10: ='AVAILABILITY DASHBOARD'!E140 -> 85 | D10: =B10-C10 -> 31 | E10: ='AVAILABILITY DASHBOARD'!P141 -> 73.515326 | F10: =C10 -> 85 | G10: 0.9 | H10: ='AVAILABILITY DASHBOARD'!G262 -> 1843.3333 | I10: T/TRACTORS | J10: =CONCATENATE('OTHER REPORTS'!C37) -> KTT221 | K10: =CONCATENATE('OTHER REPORTS'!D37) -> KTT193, TTT167
A11: S/TRAILERS | B11: ='AVAILABILITY DASHBOARD'!D263 -> 158 | C11: ='AVAILABILITY DASHBOARD'!E263 -> 131 | D11: =B11-C11 -> 27 | E11: ='AVAILABILITY DASHBOARD'!L263 -> 82.911392 | F11: =C11 -> 131 | G11: 0.9 | I11: TRAILERS | J11: =CONCATENATE('OTHER REPORTS'!C38) -> HTR263 | K11: =CONCATENATE('OTHER REPORTS'!D38) -> NIL
I12: SPREADERS | J12: =CONCATENATE('OTHER REPORTS'!C39) -> OHS179 | K12: =CONCATENATE('OTHER REPORTS'!D39) -> NIL
I13: MAN LIFT | J13: =CONCATENATE('OTHER REPORTS'!C40) -> NIL | K13: =CONCATENATE('OTHER REPORTS'!D40) -> NIL
I14: PRTs | J14: =CONCATENATE('OTHER REPORTS'!C41) -> NIL | K14: =CONCATENATE('OTHER REPORTS'!D41) -> NIL
A16: SHIP TO SHORE STATUS REPORT
A17: EQUIPMENT | B17: OPERATIONA STATUS REMARKS
A18: STS1603 | B18: ='OTHER REPORTS'!C42 -> O.K (AVAILABLE)
A19: STS1604 | B19: ='OTHER REPORTS'!C43 -> O.K (AVAILABLE)
A20: STS1605 | B20: ='OTHER REPORTS'!C44 -> O.K (AVAILABLE)
A21: STS1606 | B21: ='OTHER REPORTS'!C45 -> O.K (AVAILABLE)
A22: STS1804 | B22: ='OTHER REPORTS'!C46 -> O.K (AVAILABLE)
A23: STS1901 | B23: ='OTHER REPORTS'!C47 -> O.K (AVAILABLE)
A24: STS1902 | B24: ='OTHER REPORTS'!C48 -> O.K (AVAILABLE)
A25: STS1903 | B25: ='OTHER REPORTS'!C49 -> O.K (AVAILABLE)
A26: STS1904 | B26: ='OTHER REPORTS'!C50 -> O.K (AVAILABLE)
A27: STS1905 | B27: ='OTHER REPORTS'!C51 -> O.K (AVAILABLE)
A28: STS2101 | B28: ='OTHER REPORTS'!C52 -> NOT (AVAILABLE)
A29: STS2102 | B29: ='OTHER REPORTS'!C53 -> O.K (AVAILABLE)
A30: STS2103 | B30: ='OTHER REPORTS'!C54 -> O.K (AVAILABLE)

Sheet AVAILABILITY SNAP SHOT 
B1: GANTRY EQUIPMENT | J1: MOBILE PLANT EQUIPMENT
B2: =G4 -> 92.797599 | E2: UPTIME % | H2: =G4 -> 92.797599 | J2: =P4 -> 74.418524 | M2: UPTIME % | O2: =P4 -> 74.418524
B3: =G4 -> 92.797599 | C3: =CONCATENATE("DATE:"," ",'OTHER REPORTS'!A3) -> DATE: TUESDAY 21ST OCTOBER 2025 | E3: TARGET | F3: ACTUAL | J3: =P4 -> 74.418524 | K3: =CONCATENATE("DATE:"," ",'OTHER REPORTS'!A3) -> DATE: TUESDAY 21ST OCTOBER 2025 | M3: TARGET | N3: ACTUAL
C4: SHIP TO SHORE GANTRY | D4: STS | E4: 90 | F4: ='AVAILABILITY DASHBOARD'!P6 -> 90.690104 | G4: =(F4+F5+F6+F7+F8)/500*100 -> 92.797599 | K4: REACHSTACKERS | L4: R/S | M4: 90 | N4: ='AVAILABILITY DASHBOARD'!P99 -> 49.214181 | P4: =(N4+N5+N6+N7+N8)/500*100 -> 74.418524
C5: RAIL MOUNTED GANTRY | D5: RMG | E5: 90 | F5: ='AVAILABILITY DASHBOARD'!P23 -> 86.892361 | K5: EMPTY CONTAINER HANDLERS | L5: ECH | M5: 90 | N5: ='AVAILABILITY DASHBOARD'!P119 -> 66.45172
C6: STS SPREADERS | D6: STSSPD | E6: 90 | F6: ='AVAILABILITY DASHBOARD'!H266 -> 93.548387 | K6: TERMINAL TRACTORS | L6: TT | M6: 90 | N6: ='AVAILABILITY DASHBOARD'!P141 -> 73.515326
C7: MANUAL SPREADERS | D7: MSPD | E7: 90 | F7: ='AVAILABILITY DASHBOARD'!H270 -> 100 | K7: SKELETAL TRAILERS | L7: ST | M7: 90 | N7: ='AVAILABILITY DASHBOARD'!L263 -> 82.911392
C8: OVER HEIGHT SPREADERS | D8: OHS | E8: 90 | F8: ='AVAILABILITY DASHBOARD'!H271 -> 92.857143 | K8: LOWBED TRAILERS | L8: LBT | M8: 90 | N8: ='AVAILABILITY DASHBOARD'!L264 -> 100
B11: =G4 -> 92.797599 | J11: =P4 -> 74.418524
B13: YARD GANTRY EQUIPMENT
B14: =G16 -> 86.178115 | E14: UPTIME % | H14: =G16 -> 86.178115
B15: =G16 -> 86.178115 | C15: =CONCATENATE("DATE:"," ",'OTHER REPORTS'!A3) -> DATE: TUESDAY 21ST OCTOBER 2025 | E15: TARGET | F15: ACTUAL
C16: RUBBER TYRE GANTRY | D16: RTG | E16: 90 | F16: ='AVAILABILITY DASHBOARD'!P32 -> 75.89367 | G16: =(F16+F17+F18+F19)/400*100 -> 86.178115
C17: MOBILE HARBOUR CRANES | D17: MHC | E17: 90 | F17: ='AVAILABILITY DASHBOARD'!P94 -> 74.479167
C18: RTG SPREADERS | D18: RTG.SPD | E18: 90 | F18: ='AVAILABILITY DASHBOARD'!H268 -> 94.339623
C19: MHC SPREADERS | D19: MHC.SPD | E19: 90 | F19: ='AVAILABILITY DASHBOARD'!H269 -> 100
B22: =G16 -> 86.178115

Sheet AVAILABILITY DASHBOARD
A1: KPA/ES-CTE/FM/007 | D1: ='OTHER REPORTS'!B3 -> EQUIPMENT AVAILABILITY AS AT 0700HRS | S1: ='OTHER REPORTS'!A3 -> TUESDAY 21ST OCTOBER 2025
A2: EQUIPMENT | D2: HOLDING | E2: AVAILABLE | F2: REQUIRE. | G2: DOWNTIME (MIN) | H2: DOWNTIME | L2: (%) UPTIME | M2: NO. OF CALLS | N2: MTBF | O2: MTTR | P2: AVERAGE PERFORMANCE/ TARGET | S2: FAULT NOTIFICATIONS PER EQUIPMENT
P3: AVILB. | Q3: MTBF | R3: MTTR
P4: AVAIL | Q4: MTBF | R4: MTTR
A5: STS | D5: 16 | E5: ='STS RMG FAULTS'!L6+'STS RMG FAULTS'!L7 -> 15 | F5: 15 | H5: SHIP TO SHORE GANTRIES
G6: =CONVERT(H6,"hr","min") -> 0 | H6: ='STS RMG FAULTS'!O9 -> 0 | I6: =H6 -> 0 | J6: =I6/0.00069444444444444 -> 0 | K6: =(1-I6)/0.00069444444444444 -> 1440 | L6: =((1440-(J6))/1440)*100 -> 100 | M6: ='STS RMG FAULTS'!P9 -> 10 | N6: =((1440-J6)/(M6+1))*0.00069444444444444 -> 0.090909091 | O6: =((1440-K6)/(M6))*0.00069444444444444 -> -6.3159354e-16 | P6: =AVERAGE(L6:L21) -> 90.690104 | Q6: =AVERAGEIF(N6:N21,">0",N10:N21) -> 0.57897377 | R6: =AVERAGEIF(O6:O21,">0",O6:O21) -> 0.11226852 | S6: =CONCATENATE("STS1603: ",'STS RMG FAULTS'!B9,"_",'STS RMG FAULTS'!G9,"_",'STS RMG FAULTS'!K9) -> STS1603: HOIST_NIL_NIL
G7: =CONVERT(H7,"hr","min") -> 0 | H7: ='STS RMG FAULTS'!O10 -> 0 | I7: =H7 -> 0 | J7: =I7/0.00069444444444444 -> 0 | K7: =(1-I7)/0.00069444444444444 -> 1440 | L7: =((1440-(J7))/1440)*100 -> 100 | M7: ='STS RMG FAULTS'!P10 -> 0 | N7: =((1440-J7)/(M7+1))*0.00069444444444444 -> 1 | O7: =((1440-K7)/(M7))*0.00069444444444444 -> #DIV/0! | P7: 90 | Q7: 0.9 | R7: 0.03125 | S7: =CONCATENATE("STS1604: ",'STS RMG FAULTS'!B10,"_",'STS RMG FAULTS'!G10,"_",'STS RMG FAULTS'!K10) -> STS1604: NIL_NIL_NIL
A8: TERM. 1 | B8: ='STS RMG FAULTS'!L6 -> 10 | D8: AVE. | E8: =AA8 -> 14.510417 | G8: =CONVERT(H8,"hr","min") -> 0 | H8: ='STS RMG FAULTS'!O11 -> 0 | I8: =H8 -> 0 | J8: =I8/0.00069444444444444 -> 0 | K8: =(1-I8)/0.00069444444444444 -> 1440 | L8: =((1440-(J8))/1440)*100 -> 100 | M8: ='STS RMG FAULTS'!P11 -> 0 | N8: =((1440-J8)/(M8+1))*0.00069444444444444 -> 1 | O8: =((1440-K8)/(M8))*0.00069444444444444 -> #DIV/0! | S8: =CONCATENATE("STS1605: ",'STS RMG FAULTS'!B11,"_",'STS RMG FAULTS'!G11,"_",'STS RMG FAULTS'!K11) -> STS1605: NIL_NIL_NIL | AA8: =P6/100*16 -> 14.510417
C9: =AVERAGE(L6:L15) -> 93.125 | G9: =CONVERT(H9,"hr","min") -> 0 | H9: ='STS RMG FAULTS'!O12 -> 0 | I9: =H9 -> 0 | J9: =I9/0.00069444444444444 -> 0 | K9: =(1-I9)/0.00069444444444444 -> 1440 | L9: =((1440-(J9))/1440)*100 -> 100 | M9: ='STS RMG FAULTS'!P12 -> 0 | N9: =((1440-J9)/(M9+1))*0.00069444444444444 -> 1 | O9: =((1440-K9)/(M9))*0.00069444444444444 -> #DIV/0! | S9: =CONCATENATE("STS1606: ",'STS RMG FAULTS'!B12,"_",'STS RMG FAULTS'!G12,"_",'STS RMG FAULTS'!K12) -> STS1606: NIL_NIL_NIL
G10: =CONVERT(H10,"hr","min") -> 2.2916667 | H10: ='STS RMG FAULTS'!O13 -> 0.038194444 | I10: =H10 -> 0.038194444 | J10: =I10/0.00069444444444444 -> 55 | K10: =(1-I10)/0.00069444444444444 -> 1385 | L10: =((1440-(J10))/1440)*100 -> 96.180556 | M10: ='STS RMG FAULTS'!P13 -> 3 | N10: =((1440-J10)/(M10+1))*0.00069444444444444 -> 0.24045139 | O10: =((1440-K10)/(M10))*0.00069444444444444 -> 0.012731481 | S10: =CONCATENATE("STS1804: ",'STS RMG FAULTS'!B13,"_",'STS RMG FAULTS'!G13,"_",'STS RMG FAULTS'!K13) -> STS1804: TRAVELLING_TRAVELLING_40FT CONFIRMATION
A11: TERM.2 | B11: ='STS RMG FAULTS'!L7 -> 5 | G11: =CONVERT(H11,"hr","min") -> 0 | H11: ='STS RMG FAULTS'!O14 -> 0 | I11: =H11 -> 0 | J11: =I11/0.00069444444444444 -> 0 | K11: =(1-I11)/0.00069444444444444 -> 1440 | L11: =((1440-(J11))/1440)*100 -> 100 | M11: ='STS RMG FAULTS'!P14 -> 0 | N11: =((1440-J11)/(M11+1))*0.00069444444444444 -> 1 | O11: =((1440-K11)/(M11))*0.00069444444444444 -> #DIV/0! | S11: =CONCATENATE("STS1901: ",'STS RMG FAULTS'!B14,"_",'STS RMG FAULTS'!G14,"_",'STS RMG FAULTS'!K14) -> STS1901: NIL_NIL_NIL
C12: =AVERAGE(L16:L21) -> 86.631944 | G12: =CONVERT(H12,"hr","min") -> 0 | H12: ='STS RMG FAULTS'!O15 -> 0 | I12: =H12 -> 0 | J12: =I12/0.00069444444444444 -> 0 | K12: =(1-I12)/0.00069444444444444 -> 1440 | L12: =((1440-(J12))/1440)*100 -> 100 | M12: ='STS RMG FAULTS'!P15 -> 0 | N12: =((1440-J12)/(M12+1))*0.00069444444444444 -> 1 | O12: =((1440-K12)/(M12))*0.00069444444444444 -> #DIV/0! | S12: =CONCATENATE("STS1902: ",'STS RMG FAULTS'!B15,"_",'STS RMG FAULTS'!G15,"_",'STS RMG FAULTS'!K15) -> STS1902: NIL_NIL_NIL
G13: =CONVERT(H13,"hr","min") -> 11.458333 | H13: ='STS RMG FAULTS'!O16 -> 0.19097222 | I13: =H13 -> 0.19097222 | J13: =I13/0.00069444444444444 -> 275 | K13: =(1-I13)/0.00069444444444444 -> 1165 | L13: =((1440-(J13))/1440)*100 -> 80.902778 | M13: ='STS RMG FAULTS'!P16 -> 5 | N13: =((1440-J13)/(M13+1))*0.00069444444444444 -> 0.13483796 | O13: =((1440-K13)/(M13))*0.00069444444444444 -> 0.038194444 | S13: =CONCATENATE("STS1903: ",'STS RMG FAULTS'!B16,"_",'STS RMG FAULTS'!G16,"_",'STS RMG FAULTS'!K16) -> STS1903: HOISTING/UMBILICAL SPRING/SLING SNAPPED_UMBLICAL CABLE SPRING SNAPPED_TRAVELLING
G14: =CONVERT(H14,"hr","min") -> 2.7083333 | H14: ='STS RMG FAULTS'!O17 -> 0.045138889 | I14: =H14 -> 0.045138889 | J14: =I14/0.00069444444444444 -> 65 | K14: =(1-I14)/0.00069444444444444 -> 1375 | L14: =((1440-(J14))/1440)*100 -> 95.486111 | M14: ='STS RMG FAULTS'!P17 -> 3 | N14: =((1440-J14)/(M14+1))*0.00069444444444444 -> 0.23871528 | O14: =((1440-K14)/(M14))*0.00069444444444444 -> 0.015046296 | S14: =CONCATENATE("STS1904: ",'STS RMG FAULTS'!B17,"_",'STS RMG FAULTS'!G17,"_",'STS RMG FAULTS'!K17) -> STS1904: SPD COMMUNICATION_NIL_TWIN UP FAULT
G15: =CONVERT(H15,"hr","min") -> 24.791667 | H15: ='STS RMG FAULTS'!O18 -> 0.41319444 | I15: =H15 -> 0.41319444 | J15: =I15/0.00069444444444444 -> 595 | K15: =(1-I15)/0.00069444444444444 -> 845 | L15: =((1440-(J15))/1440)*100 -> 58.680556 | M15: ='STS RMG FAULTS'!P18 -> 2 | N15: =((1440-J15)/(M15+1))*0.00069444444444444 -> 0.19560185 | O15: =((1440-K15)/(M15))*0.00069444444444444 -> 0.20659722 | S15: =CONCATENATE("STS1905: ",'STS RMG FAULTS'!B18,"_",'STS RMG FAULTS'!G18,"_",'STS RMG FAULTS'!K18) -> STS1905: HOIST WIRE ROPE SNAPPED_READY AT 1610HRS/LOWERING_CABLE REEL REEL SPRING SHACKLE SNAPPED
G16: =CONVERT(H16,"hr","min") -> 28.958333 | H16: ='STS RMG FAULTS'!O19 -> 0.48263889 | I16: =H16 -> 0.48263889 | J16: =I16/0.00069444444444444 -> 695 | K16: =(1-I16)/0.00069444444444444 -> 745 | L16: =((1440-(J16))/1440)*100 -> 51.736111 | M16: ='STS RMG FAULTS'!P19 -> 2 | N16: =((1440-J16)/(M16+1))*0.00069444444444444 -> 0.1724537 | O16: =((1440-K16)/(M16))*0.00069444444444444 -> 0.24131944 | S16: =CONCATENATE("STS2101: ",'STS RMG FAULTS'!B19,"_",'STS RMG FAULTS'!G19,"_",'STS RMG FAULTS'!K19) -> STS2101: NIL_LOCK SENSOR OFFSET/CARTENARY WIRE PULLEY DETACHED.OUT AT 1940HRS_OUT
G17: =CONVERT(H17,"hr","min") -> 0 | H17: ='STS RMG FAULTS'!O20 -> 0 | I17: =H17 -> 0 | J17: =I17/0.00069444444444444 -> 0 | K17: =(1-I17)/0.00069444444444444 -> 1440 | L17: =((1440-(J17))/1440)*100 -> 100 | M17: ='STS RMG FAULTS'!P20 -> 0 | N17: =((1440-J17)/(M17+1))*0.00069444444444444 -> 1 | O17: =((1440-K17)/(M17))*0.00069444444444444 -> #DIV/0! | S17: =CONCATENATE("STS2102: ",'STS RMG FAULTS'!B20,"_",'STS RMG FAULTS'!G20,"_",'STS RMG FAULTS'!K20) -> STS2102: NIL_NIL_NIL
G18: =CONVERT(H18,"hr","min") -> 19.166667 | H18: ='STS RMG FAULTS'!O21 -> 0.31944444 | I18: =H18 -> 0.31944444 | J18: =I18/0.00069444444444444 -> 460 | K18: =(1-I18)/0.00069444444444444 -> 980 | L18: =((1440-(J18))/1440)*100 -> 68.055556 | M18: ='STS RMG FAULTS'!P21 -> 2 | N18: =((1440-J18)/(M18+1))*0.00069444444444444 -> 0.22685185 | O18: =((1440-K18)/(M18))*0.00069444444444444 -> 0.15972222 | S18: =CONCATENATE("STS2103: ",'STS RMG FAULTS'!B21,"_",'STS RMG FAULTS'!G21,"_",'STS RMG FAULTS'!K21) -> STS2103: OP. CABIN DOOR REPAIR- AT 1105HRS_READY AT 1915HRS_LOCK SIGNAL
G19: =CONVERT(H19,"hr","min") -> 0 | H19: ='STS RMG FAULTS'!O22 -> 0 | I19: =H19 -> 0 | J19: =I19/0.00069444444444444 -> 0 | K19: =(1-I19)/0.00069444444444444 -> 1440 | L19: =((1440-(J19))/1440)*100 -> 100 | M19: ='STS RMG FAULTS'!P22 -> 0 | N19: =((1440-J19)/(M19+1))*0.00069444444444444 -> 1 | O19: =((1440-K19)/(M19))*0.00069444444444444 -> #DIV/0! | S19: =CONCATENATE("STS2201: ",'STS RMG FAULTS'!B22,"_",'STS RMG FAULTS'!G22,"_",'STS RMG FAULTS'!K22) -> STS2201: NIL_NIL_NIL
G20: =CONVERT(H20,"hr","min") -> 0 | H20: ='STS RMG FAULTS'!O23 -> 0 | I20: =H20 -> 0 | J20: =I20/0.00069444444444444 -> 0 | K20: =(1-I20)/0.00069444444444444 -> 1440 | L20: =((1440-(J20))/1440)*100 -> 100 | M20: ='STS RMG FAULTS'!P23 -> 0 | N20: =((1440-J20)/(M20+1))*0.00069444444444444 -> 1 | O20: =((1440-K20)/(M20))*0.00069444444444444 -> #DIV/0! | S20: =CONCATENATE("STS2202: ",'STS RMG FAULTS'!B23,"_",'STS RMG FAULTS'!G23,"_",'STS RMG FAULTS'!K23) -> STS2202: NIL_NIL_NIL
G21: =CONVERT(H21,"hr","min") -> 0 | H21: ='STS RMG FAULTS'!O24 -> 0 | I21: =H21 -> 0 | J21: =I21/0.00069444444444444 -> 0 | K21: =(1-I21)/0.00069444444444444 -> 1440 | L21: =((1440-(J21))/1440)*100 -> 100 | M21: ='STS RMG FAULTS'!P24 -> 0 | N21: =((1440-J21)/(M21+1))*0.00069444444444444 -> 1 | O21: =((1440-K21)/(M21))*0.00069444444444444 -> #DIV/0! | S21: =CONCATENATE("STS2203: ",'STS RMG FAULTS'!B24,"_",'STS RMG FAULTS'!G24,"_",'STS RMG FAULTS'!K24) -> STS2203: NIL_NIL_NIL
A22: RMG | D22: 8 | E22: ='STS RMG FAULTS'!L27+'STS RMG FAULTS'!L28 -> 7 | F22: 8 | G22: =SUM(G6:G21) -> 89.375 | H22: RAIL MOUNTED GANTRIES
G23: =CONVERT(H23,"hr","min") -> 60 | H23: ='STS RMG FAULTS'!O29 -> 1 | I23: =H23 -> 1 | J23: =I23/0.00069444444444444 -> 1440 | K23: =(1-I23)/0.00069444444444444 -> 0 | L23: =((1440-(J23))/1440)*100 -> -6.3159354e-13 | M23: ='STS RMG FAULTS'!P29 -> 0 | N23: =((1440-J23)/(M23+1))*0.00069444444444444 -> -6.3159354e-15 | O23: =((1440-K23)/(M23))*0.00069444444444444 -> #DIV/0! | P23: =AVERAGE(L23:L30) -> 86.892361 | Q23: =AVERAGEIF(N23:N28,">0",N23:N28) -> 0.89513889 | R23: =AVERAGEIF(O23:O28,">0",O23:O28) -> 0.048611111 | S23: =CONCATENATE("RMG05: ",'STS RMG FAULTS'!B29,"_",'STS RMG FAULTS'!G29,"_",'STS RMG FAULTS'!K29) -> RMG05: CONTROL ON -OUT_OUT_OUT | AA23: =P23/100*8 -> 6.9513889
G24: =CONVERT(H24,"hr","min") -> 2.9166667 | H24: ='STS RMG FAULTS'!O30 -> 0.048611111 | I24: =H24 -> 0.048611111 | J24: =I24/0.00069444444444444 -> 70 | K24: =(1-I24)/0.00069444444444444 -> 1370 | L24: =((1440-(J24))/1440)*100 -> 95.138889 | M24: ='STS RMG FAULTS'!P30 -> 1 | N24: =((1440-J24)/(M24+1))*0.00069444444444444 -> 0.47569444 | O24: =((1440-K24)/(M24))*0.00069444444444444 -> 0.048611111 | P24: 90 | Q24: 0.95 | R24: 0.03125 | S24: =CONCATENATE("RMG06: ",'STS RMG FAULTS'!B30,"_",'STS RMG FAULTS'!G30,"_",'STS RMG FAULTS'!K30) -> RMG06: NIL_NIL_SLOW MOTION
A25: TERM. 1 | B25: ='STS RMG FAULTS'!L27 -> 5 | D25: AVE | E25: =AA23 -> 6.9513889 | G25: =CONVERT(H25,"hr","min") -> 0 | H25: ='STS RMG FAULTS'!O31 -> 0 | I25: =H25 -> 0 | J25: =I25/0.00069444444444444 -> 0 | K25: =(1-I25)/0.00069444444444444 -> 1440 | L25: =((1440-(J25))/1440)*100 -> 100 | M25: ='STS RMG FAULTS'!P31 -> 0 | N25: =((1440-J25)/(M25+1))*0.00069444444444444 -> 1 | O25: =((1440-K25)/(M25))*0.00069444444444444 -> #DIV/0! | S25: =CONCATENATE("RMG07: ",'STS RMG FAULTS'!B31,"_",'STS RMG FAULTS'!G31,"_",'STS RMG FAULTS'!K31) -> RMG07: NIL_NIL_NIL
C26: =AVERAGE(L23:L28) -> 82.523148 | G26: =CONVERT(H26,"hr","min") -> 0 | H26: ='STS RMG FAULTS'!O32 -> 0 | I26: =H26 -> 0 | J26: =I26/0.00069444444444444 -> 0 | K26: =(1-I26)/0.00069444444444444 -> 1440 | L26: =((1440-(J26))/1440)*100 -> 100 | M26: ='STS RMG FAULTS'!P32 -> 0 | N26: =((1440-J26)/(M26+1))*0.00069444444444444 -> 1 | O26: =((1440-K26)/(M26))*0.00069444444444444 -> #DIV/0! | S26: =CONCATENATE("RMG08: ",'STS RMG FAULTS'!B32,"_",'STS RMG FAULTS'!G32,"_",'STS RMG FAULTS'!K32) -> RMG08: NIL_NIL_NIL
G27: =CONVERT(H27,"hr","min") -> 0 | H27: ='STS RMG FAULTS'!O33 -> 0 | I27: =H27 -> 0 | J27: =I27/0.00069444444444444 -> 0 | K27: =(1-I27)/0.00069444444444444 -> 1440 | L27: =((1440-(J27))/1440)*100 -> 100 | M27: ='STS RMG FAULTS'!P33 -> 0 | N27: =((1440-J27)/(M27+1))*0.00069444444444444 -> 1 | O27: =((1440-K27)/(M27))*0.00069444444444444 -> #DIV/0! | S27: =CONCATENATE("RMG09: ",'STS RMG FAULTS'!B33,"_",'STS RMG FAULTS'!G33,"_",'STS RMG FAULTS'!K33) -> RMG09: NIL_NIL_NIL
A28: TERM.2 | B28: ='STS RMG FAULTS'!L28 -> 2 | G28: =CONVERT(H28,"hr","min") -> 0 | H28: ='STS RMG FAULTS'!O34 -> 0 | I28: =H28 -> 0 | J28: =I28/0.00069444444444444 -> 0 | K28: =(1-I28)/0.00069444444444444 -> 1440 | L28: =((1440-(J28))/1440)*100 -> 100 | M28: ='STS RMG FAULTS'!P34 -> 0 | N28: =((1440-J28)/(M28+1))*0.00069444444444444 -> 1 | O28: =((1440-K28)/(M28))*0.00069444444444444 -> #DIV/0! | S28: =CONCATENATE("RMG10: ",'STS RMG FAULTS'!B34,"_",'STS RMG FAULTS'!G34,"_",'STS RMG FAULTS'!K34) -> RMG10: NIL_NIL_NIL
C29: =AVERAGE(L29:L30) -> 100 | G29: =CONVERT(H29,"hr","min") -> 0 | H29: ='STS RMG FAULTS'!O35 -> 0 | I29: =H29 -> 0 | J29: =I29/0.00069444444444444 -> 0 | K29: =(1-I29)/0.00069444444444444 -> 1440 | L29: =((1440-(J29))/1440)*100 -> 100 | M29: ='STS RMG FAULTS'!P35 -> 0 | N29: =((1440-J29)/(M29+1))*0.00069444444444444 -> 1 | O29: =((1440-K29)/(M29))*0.00069444444444444 -> #DIV/0! | S29: =CONCATENATE("RMG2-11: ",'STS RMG FAULTS'!B35,"_",'STS RMG FAULTS'!G35,"_",'STS RMG FAULTS'!K35) -> RMG2-11: NIL_NIL_NIL
G30: =CONVERT(H30,"hr","min") -> 0 | H30: ='STS RMG FAULTS'!O36 -> 0 | I30: =H30 -> 0 | J30: =I30/0.00069444444444444 -> 0 | K30: =(1-I30)/0.00069444444444444 -> 1440 | L30: =((1440-(J30))/1440)*100 -> 100 | M30: ='STS RMG FAULTS'!P36 -> 0 | N30: =((1440-J30)/(M30+1))*0.00069444444444444 -> 1 | O30: =((1440-K30)/(M30))*0.00069444444444444 -> #DIV/0! | S30: =CONCATENATE("RMG2-12: ",'STS RMG FAULTS'!B36,"_",'STS RMG FAULTS'!G36,"_",'STS RMG FAULTS'!K36) -> RMG2-12: NIL_NIL_NIL
A31: RTG | D31: 52 | E31: ='RTG&HARBOUR FAULTS'!K6+'RTG&HARBOUR FAULTS'!K7 -> 43 | F31: 40 | G31: =SUM(G23:G30) -> 62.916667 | H31: RUBBER TYRED GANTRIES
G32: =CONVERT(H32,"hr","min") -> 0 | H32: ='RTG&HARBOUR FAULTS'!N10 -> 0 | I32: =H32 -> 0 | J32: =I32/0.00069444444444444 -> 0 | K32: =(1-I32)/0.00069444444444444 -> 1440 | L32: =((1440-(J32))/1440)*100 -> 100 | M32: ='RTG&HARBOUR FAULTS'!O10 -> 0 | N32: =((1440-J32)/(M32+1))*0.00069444444444444 -> 1 | O32: =((1440-K32)/(M32))*0.00069444444444444 -> #DIV/0! | P32: =AVERAGE(L32:L92) -> 75.89367 | Q32: =AVERAGEIF(N32:N79,">0",N32:N79) -> 0.82602294 | R32: =AVERAGEIF(O32:O79,">0",O32:O79) -> 2.0726981 | S32: =CONCATENATE("RTG12: ",'RTG&HARBOUR FAULTS'!B10,"_",'RTG&HARBOUR FAULTS'!F10,"_",'RTG&HARBOUR FAULTS'!J10) -> RTG12: NIL_NIL_NIL
G33: =CONVERT(H33,"hr","min") -> 0 | H33: ='RTG&HARBOUR FAULTS'!N11 -> 0 | I33: =H33 -> 0 | J33: =I33/0.00069444444444444 -> 0 | K33: =(1-I33)/0.00069444444444444 -> 1440 | L33: =((1440-(J33))/1440)*100 -> 100 | M33: ='RTG&HARBOUR FAULTS'!O11 -> 0 | N33: =((1440-J33)/(M33+1))*0.00069444444444444 -> 1 | O33: =((1440-K33)/(M33))*0.00069444444444444 -> #DIV/0! | P33: 90 | Q33: 0.86944444 | R33: 0.03125 | S33: =CONCATENATE("RTG13: ",'RTG&HARBOUR FAULTS'!B11,"_",'RTG&HARBOUR FAULTS'!F11,"_",'RTG&HARBOUR FAULTS'!J11) -> RTG13: NIL_NIL_NIL
A34: TERM. 1 | B34: ='RTG&HARBOUR FAULTS'!K6 -> 22 | D34: AVE. | E34: =AA35 -> 39.464709 | G34: =CONVERT(H34,"hr","min") -> 0 | H34: ='RTG&HARBOUR FAULTS'!N12 -> 0 | I34: =H34 -> 0 | J34: =I34/0.00069444444444444 -> 0 | K34: =(1-I34)/0.00069444444444444 -> 1440 | L34: =((1440-(J34))/1440)*100 -> 100 | M34: ='RTG&HARBOUR FAULTS'!O12 -> 0 | N34: =((1440-J34)/(M34+1))*0.00069444444444444 -> 1 | O34: =((1440-K34)/(M34))*0.00069444444444444 -> #DIV/0! | S34: =CONCATENATE("RTG14: ",'RTG&HARBOUR FAULTS'!B12,"_",'RTG&HARBOUR FAULTS'!F12,"_",'RTG&HARBOUR FAULTS'!J12) -> RTG14: NIL_NIL_NIL
C35: =AVERAGE(L32,L33,L34,L35,L36,L37,L38,L39,L40,L41,L42,L43,L44,L45,L46,L47,L48,L49,L50,L51,L52,L53,L54,L55,L56,L57,L58,L59,L60,L61,L62,L63) -> 67.263455 | G35: =CONVERT(H35,"hr","min") -> 0 | H35: ='RTG&HARBOUR FAULTS'!N13 -> 0 | I35: =H35 -> 0 | J35: =I35/0.00069444444444444 -> 0 | K35: =(1-I35)/0.00069444444444444 -> 1440 | L35: =((1440-(J35))/1440)*100 -> 100 | M35: ='RTG&HARBOUR FAULTS'!O13 -> 0 | N35: =((1440-J35)/(M35+1))*0.00069444444444444 -> 1 | O35: =((1440-K35)/(M35))*0.00069444444444444 -> #DIV/0! | S35: =CONCATENATE("RTG15: ",'RTG&HARBOUR FAULTS'!B13,"_",'RTG&HARBOUR FAULTS'!F13,"_",'RTG&HARBOUR FAULTS'!J13) -> RTG15: NIL_NIL_NIL | AA35: =P32/100*52 -> 39.464709
G36: =CONVERT(H36,"hr","min") -> 0 | H36: ='RTG&HARBOUR FAULTS'!N14 -> 0 | I36: =H36 -> 0 | J36: =I36/0.00069444444444444 -> 0 | K36: =(1-I36)/0.00069444444444444 -> 1440 | L36: =((1440-(J36))/1440)*100 -> 100 | M36: ='RTG&HARBOUR FAULTS'!O14 -> 0 | N36: =((1440-J36)/(M36+1))*0.00069444444444444 -> 1 | O36: =((1440-K36)/(M36))*0.00069444444444444 -> #DIV/0! | S36: =CONCATENATE("RTG16: ",'RTG&HARBOUR FAULTS'!B14,"_",'RTG&HARBOUR FAULTS'!F14,"_",'RTG&HARBOUR FAULTS'!J14) -> RTG16: NIL_NIL_NIL
A37: TERM. 2 | B37: ='RTG&HARBOUR FAULTS'!K7 -> 21 | G37: =CONVERT(H37,"hr","min") -> 0 | H37: ='RTG&HARBOUR FAULTS'!N15 -> 0 | I37: =H37 -> 0 | J37: =I37/0.00069444444444444 -> 0 | K37: =(1-I37)/0.00069444444444444 -> 1440 | L37: =((1440-(J37))/1440)*100 -> 100 | M37: ='RTG&HARBOUR FAULTS'!O15 -> 0 | N37: =((1440-J37)/(M37+1))*0.00069444444444444 -> 1 | O37: =((1440-K37)/(M37))*0.00069444444444444 -> #DIV/0! | S37: =CONCATENATE("RTG17: ",'RTG&HARBOUR FAULTS'!B15,"_",'RTG&HARBOUR FAULTS'!F15,"_",'RTG&HARBOUR FAULTS'!J15) -> RTG17: NIL_NIL_NIL
C38: =AVERAGE(L64,L65,L66,L67,L68,L69,L70,L71,L72,L73,L74,L75,L76,L77,L78,L79,L80,L81,L82,L83) -> 78.854167 | G38: =CONVERT(H38,"hr","min") -> 60 | H38: ='RTG&HARBOUR FAULTS'!N16 -> 1 | I38: =H38 -> 1 | J38: =I38/0.00069444444444444 -> 1440 | K38: =(1-I38)/0.00069444444444444 -> 0 | L38: =((1440-(J38))/1440)*100 -> -6.3159354e-13 | M38: ='RTG&HARBOUR FAULTS'!O16 -> 0 | N38: =((1440-J38)/(M38+1))*0.00069444444444444 -> -6.3159354e-15 | O38: =((1440-K38)/(M38))*0.00069444444444444 -> #DIV/0! | S38: =CONCATENATE("RTG18: ",'RTG&HARBOUR FAULTS'!B16,"_",'RTG&HARBOUR FAULTS'!F16,"_",'RTG&HARBOUR FAULTS'!J16) -> RTG18: TRAVELLING.OUT_OUT_OUT
G39: =CONVERT(H39,"hr","min") -> 0 | H39: ='RTG&HARBOUR FAULTS'!N17 -> 0 | I39: =H39 -> 0 | J39: =I39/0.00069444444444444 -> 0 | K39: =(1-I39)/0.00069444444444444 -> 1440 | L39: =((1440-(J39))/1440)*100 -> 100 | M39: ='RTG&HARBOUR FAULTS'!O17 -> 0 | N39: =((1440-J39)/(M39+1))*0.00069444444444444 -> 1 | O39: =((1440-K39)/(M39))*0.00069444444444444 -> #DIV/0! | S39: =CONCATENATE("RTG19: ",'RTG&HARBOUR FAULTS'!B17,"_",'RTG&HARBOUR FAULTS'!F17,"_",'RTG&HARBOUR FAULTS'!J17) -> RTG19: REHABILITATION.OUT_OUT_OUT
G40: =CONVERT(H40,"hr","min") -> 60 | H40: ='RTG&HARBOUR FAULTS'!N18 -> 1 | I40: =H40 -> 1 | J40: =I40/0.00069444444444444 -> 1440 | K40: =(1-I40)/0.00069444444444444 -> 0 | L40: =((1440-(J40))/1440)*100 -> -6.3159354e-13 | M40: ='RTG&HARBOUR FAULTS'!O18 -> 0 | N40: =((1440-J40)/(M40+1))*0.00069444444444444 -> -6.3159354e-15 | O40: =((1440-K40)/(M40))*0.00069444444444444 -> #DIV/0! | S40: =CONCATENATE("RTG20: ",'RTG&HARBOUR FAULTS'!B18,"_",'RTG&HARBOUR FAULTS'!F18,"_",'RTG&HARBOUR FAULTS'!J18) -> RTG20: TROLLEY-OUT_OUT_OUT
G41: =CONVERT(H41,"hr","min") -> 0 | H41: ='RTG&HARBOUR FAULTS'!N19 -> 0 | I41: =H41 -> 0 | J41: =I41/0.00069444444444444 -> 0 | K41: =(1-I41)/0.00069444444444444 -> 1440 | L41: =((1440-(J41))/1440)*100 -> 100 | M41: ='RTG&HARBOUR FAULTS'!O19 -> 0 | N41: =((1440-J41)/(M41+1))*0.00069444444444444 -> 1 | O41: =((1440-K41)/(M41))*0.00069444444444444 -> #DIV/0! | S41: =CONCATENATE("RTG21: ",'RTG&HARBOUR FAULTS'!B19,"_",'RTG&HARBOUR FAULTS'!F19,"_",'RTG&HARBOUR FAULTS'!J19) -> RTG21: NIL_NIL_NIL
G42: =CONVERT(H42,"hr","min") -> 60 | H42: ='RTG&HARBOUR FAULTS'!N20 -> 1 | I42: =H42 -> 1 | J42: =I42/0.00069444444444444 -> 1440 | K42: =(1-I42)/0.00069444444444444 -> 0 | L42: =((1440-(J42))/1440)*100 -> -6.3159354e-13 | M42: ='RTG&HARBOUR FAULTS'!O20 -> 0 | N42: =((1440-J42)/(M42+1))*0.00069444444444444 -> -6.3159354e-15 | O42: =((1440-K42)/(M42))*0.00069444444444444 -> #DIV/0! | S42: =CONCATENATE("RTG22: ",'RTG&HARBOUR FAULTS'!B20,"_",'RTG&HARBOUR FAULTS'!F20,"_",'RTG&HARBOUR FAULTS'!J20) -> RTG22: ENGINE STARTING-OUT _OUT_OUT
G43: =CONVERT(H43,"hr","min") -> 60 | H43: ='RTG&HARBOUR FAULTS'!N21 -> 1 | I43: =H43 -> 1 | J43: =I43/0.00069444444444444 -> 1440 | K43: =(1-I43)/0.00069444444444444 -> 0 | L43: =((1440-(J43))/1440)*100 -> -6.3159354e-13 | M43: ='RTG&HARBOUR FAULTS'!O21 -> 0 | N43: =((1440-J43)/(M43+1))*0.00069444444444444 -> -6.3159354e-15 | O43: =((1440-K43)/(M43))*0.00069444444444444 -> #DIV/0! | S43: =CONCATENATE("RTG23: ",'RTG&HARBOUR FAULTS'!B21,"_",'RTG&HARBOUR FAULTS'!F21,"_",'RTG&HARBOUR FAULTS'!J21) -> RTG23: ENGINE STARTING-OUT _OUT_OUT
G44: =CONVERT(H44,"hr","min") -> 8.75 | H44: ='RTG&HARBOUR FAULTS'!N22 -> 0.14583333 | I44: =H44 -> 0.14583333 | J44: =I44/0.00069444444444444 -> 210 | K44: =(1-I44)/0.00069444444444444 -> 1230 | L44: =((1440-(J44))/1440)*100 -> 85.416667 | M44: ='RTG&HARBOUR FAULTS'!O22 -> 1 | N44: =((1440-J44)/(M44+1))*0.00069444444444444 -> 0.42708333 | O44: =((1440-K44)/(M44))*0.00069444444444444 -> 0.14583333 | S44: =CONCATENATE("RTG24: ",'RTG&HARBOUR FAULTS'!B22,"_",'RTG&HARBOUR FAULTS'!F22,"_",'RTG&HARBOUR FAULTS'!J22) -> RTG24: LOW TYRE PRESSURE_NIL_NIL
G45: =CONVERT(H45,"hr","min") -> 0 | H45: ='RTG&HARBOUR FAULTS'!N23 -> 0 | I45: =H45 -> 0 | J45: =I45/0.00069444444444444 -> 0 | K45: =(1-I45)/0.00069444444444444 -> 1440 | L45: =((1440-(J45))/1440)*100 -> 100 | M45: ='RTG&HARBOUR FAULTS'!O23 -> 0 | N45: =((1440-J45)/(M45+1))*0.00069444444444444 -> 1 | O45: =((1440-K45)/(M45))*0.00069444444444444 -> #DIV/0! | S45: =CONCATENATE("RTG25: ",'RTG&HARBOUR FAULTS'!B23,"_",'RTG&HARBOUR FAULTS'!F23,"_",'RTG&HARBOUR FAULTS'!J23) -> RTG25: NIL_NIL_NIL
G46: =CONVERT(H46,"hr","min") -> 0 | H46: ='RTG&HARBOUR FAULTS'!N24 -> 0 | I46: =H46 -> 0 | J46: =I46/0.00069444444444444 -> 0 | K46: =(1-I46)/0.00069444444444444 -> 1440 | L46: =((1440-(J46))/1440)*100 -> 100 | M46: ='RTG&HARBOUR FAULTS'!O24 -> 0 | N46: =((1440-J46)/(M46+1))*0.00069444444444444 -> 1 | O46: =((1440-K46)/(M46))*0.00069444444444444 -> #DIV/0! | S46: =CONCATENATE("RTG26: ",'RTG&HARBOUR FAULTS'!B24,"_",'RTG&HARBOUR FAULTS'!F24,"_",'RTG&HARBOUR FAULTS'!J24) -> RTG26: NIL_NIL_NIL
G47: =CONVERT(H47,"hr","min") -> 1.875 | H47: ='RTG&HARBOUR FAULTS'!N25 -> 0.03125 | I47: =H47 -> 0.03125 | J47: =I47/0.00069444444444444 -> 45 | K47: =(1-I47)/0.00069444444444444 -> 1395 | L47: =((1440-(J47))/1440)*100 -> 96.875 | M47: ='RTG&HARBOUR FAULTS'!O25 -> 3 | N47: =((1440-J47)/(M47+1))*0.00069444444444444 -> 0.2421875 | O47: =((1440-K47)/(M47))*0.00069444444444444 -> 0.010416667 | S47: =CONCATENATE("RTG27: ",'RTG&HARBOUR FAULTS'!B25,"_",'RTG&HARBOUR FAULTS'!F25,"_",'RTG&HARBOUR FAULTS'!J25) -> RTG27: ENGINE STARTING_NIL_DIESEL LEAKAGE/ LOCK SIGNAL
G48: =CONVERT(H48,"hr","min") -> 14.166667 | H48: ='RTG&HARBOUR FAULTS'!N26 -> 0.23611111 | I48: =H48 -> 0.23611111 | J48: =I48/0.00069444444444444 -> 340 | K48: =(1-I48)/0.00069444444444444 -> 1100 | L48: =((1440-(J48))/1440)*100 -> 76.388889 | M48: ='RTG&HARBOUR FAULTS'!O26 -> 1 | N48: =((1440-J48)/(M48+1))*0.00069444444444444 -> 0.38194444 | O48: =((1440-K48)/(M48))*0.00069444444444444 -> 0.23611111 | S48: =CONCATENATE("RTG28: ",'RTG&HARBOUR FAULTS'!B26,"_",'RTG&HARBOUR FAULTS'!F26,"_",'RTG&HARBOUR FAULTS'!J26) -> RTG28: NIL_NIL_ACCIDENT-STEERED INTO CONTAINERS-OUT@ 0120HRS
G49: =CONVERT(H49,"hr","min") -> 0 | H49: ='RTG&HARBOUR FAULTS'!N27 -> 0 | I49: =H49 -> 0 | J49: =I49/0.00069444444444444 -> 0 | K49: =(1-I49)/0.00069444444444444 -> 1440 | L49: =((1440-(J49))/1440)*100 -> 100 | M49: ='RTG&HARBOUR FAULTS'!O27 -> 0 | N49: =((1440-J49)/(M49+1))*0.00069444444444444 -> 1 | O49: =((1440-K49)/(M49))*0.00069444444444444 -> #DIV/0! | S49: =CONCATENATE("RTG29: ",'RTG&HARBOUR FAULTS'!B27,"_",'RTG&HARBOUR FAULTS'!F27,"_",'RTG&HARBOUR FAULTS'!J27) -> RTG29: NIL_NIL_NIL
G50: =CONVERT(H50,"hr","min") -> 60 | H50: ='RTG&HARBOUR FAULTS'!N28 -> 1 | I50: =H50 -> 1 | J50: =I50/0.00069444444444444 -> 1440 | K50: =(1-I50)/0.00069444444444444 -> 0 | L50: =((1440-(J50))/1440)*100 -> -6.3159354e-13 | M50: ='RTG&HARBOUR FAULTS'!O28 -> 0 | N50: =((1440-J50)/(M50+1))*0.00069444444444444 -> -6.3159354e-15 | O50: =((1440-K50)/(M50))*0.00069444444444444 -> #DIV/0! | S50: =CONCATENATE("RTG30: ",'RTG&HARBOUR FAULTS'!B28,"_",'RTG&HARBOUR FAULTS'!F28,"_",'RTG&HARBOUR FAULTS'!J28) -> RTG30: HOIST DRIVE -OUT_OUT_OUT
G51: =CONVERT(H51,"hr","min") -> 60 | H51: ='RTG&HARBOUR FAULTS'!N29 -> 1 | I51: =H51 -> 1 | J51: =I51/0.00069444444444444 -> 1440 | K51: =(1-I51)/0.00069444444444444 -> 0 | L51: =((1440-(J51))/1440)*100 -> -6.3159354e-13 | M51: ='RTG&HARBOUR FAULTS'!O29 -> 0 | N51: =((1440-J51)/(M51+1))*0.00069444444444444 -> -6.3159354e-15 | O51: =((1440-K51)/(M51))*0.00069444444444444 -> #DIV/0! | S51: =CONCATENATE("RTG31: ",'RTG&HARBOUR FAULTS'!B29,"_",'RTG&HARBOUR FAULTS'!F29,"_",'RTG&HARBOUR FAULTS'!J29) -> RTG31: GANTRY MOTOR SHORT CCT FLT -OUT_OUT_OUT
G52: =CONVERT(H52,"hr","min") -> 0 | H52: ='RTG&HARBOUR FAULTS'!N30 -> 0 | I52: =H52 -> 0 | J52: =I52/0.00069444444444444 -> 0 | K52: =(1-I52)/0.00069444444444444 -> 1440 | L52: =((1440-(J52))/1440)*100 -> 100 | M52: ='RTG&HARBOUR FAULTS'!O30 -> 0 | N52: =((1440-J52)/(M52+1))*0.00069444444444444 -> 1 | O52: =((1440-K52)/(M52))*0.00069444444444444 -> #DIV/0! | S52: =CONCATENATE("RTG32: ",'RTG&HARBOUR FAULTS'!B30,"_",'RTG&HARBOUR FAULTS'!F30,"_",'RTG&HARBOUR FAULTS'!J30) -> RTG32: NIL_NIL_NIL
G53: =CONVERT(H53,"hr","min") -> 60 | H53: ='RTG&HARBOUR FAULTS'!N31 -> 1 | I53: =H53 -> 1 | J53: =I53/0.00069444444444444 -> 1440 | K53: =(1-I53)/0.00069444444444444 -> 0 | L53: =((1440-(J53))/1440)*100 -> -6.3159354e-13 | M53: ='RTG&HARBOUR FAULTS'!O31 -> 0 | N53: =((1440-J53)/(M53+1))*0.00069444444444444 -> -6.3159354e-15 | O53: =((1440-K53)/(M53))*0.00069444444444444 -> #DIV/0! | S53: =CONCATENATE("RTG33: ",'RTG&HARBOUR FAULTS'!B31,"_",'RTG&HARBOUR FAULTS'!F31,"_",'RTG&HARBOUR FAULTS'!J31) -> RTG33: GENERATOR VIBRATIONS.OUT_OUT_OUT
G54: =CONVERT(H54,"hr","min") -> 0 | H54: ='RTG&HARBOUR FAULTS'!N32 -> 0 | I54: =H54 -> 0 | J54: =I54/0.00069444444444444 -> 0 | K54: =(1-I54)/0.00069444444444444 -> 1440 | L54: =((1440-(J54))/1440)*100 -> 100 | M54: ='RTG&HARBOUR FAULTS'!O32 -> 0 | N54: =((1440-J54)/(M54+1))*0.00069444444444444 -> 1 | O54: =((1440-K54)/(M54))*0.00069444444444444 -> #DIV/0! | S54: =CONCATENATE("RTG34: ",'RTG&HARBOUR FAULTS'!B32,"_",'RTG&HARBOUR FAULTS'!F32,"_",'RTG&HARBOUR FAULTS'!J32) -> RTG34: NIL_NIL_NIL
G55: =CONVERT(H55,"hr","min") -> 60 | H55: ='RTG&HARBOUR FAULTS'!N33 -> 1 | I55: =H55 -> 1 | J55: =I55/0.00069444444444444 -> 1440 | K55: =(1-I55)/0.00069444444444444 -> 0 | L55: =((1440-(J55))/1440)*100 -> -6.3159354e-13 | M55: ='RTG&HARBOUR FAULTS'!O33 -> 0 | N55: =((1440-J55)/(M55+1))*0.00069444444444444 -> -6.3159354e-15 | O55: =((1440-K55)/(M55))*0.00069444444444444 -> #DIV/0! | S55: =CONCATENATE("RTG35: ",'RTG&HARBOUR FAULTS'!B33,"_",'RTG&HARBOUR FAULTS'!F33,"_",'RTG&HARBOUR FAULTS'!J33) -> RTG35: ACCIDENTCABLE VANDALISED - OUT_OUT_OUT
G56: =CONVERT(H56,"hr","min") -> 0 | H56: ='RTG&HARBOUR FAULTS'!N34 -> 0 | I56: =H56 -> 0 | J56: =I56/0.00069444444444444 -> 0 | K56: =(1-I56)/0.00069444444444444 -> 1440 | L56: =((1440-(J56))/1440)*100 -> 100 | M56: ='RTG&HARBOUR FAULTS'!O34 -> 0 | N56: =((1440-J56)/(M56+1))*0.00069444444444444 -> 1 | O56: =((1440-K56)/(M56))*0.00069444444444444 -> #DIV/0! | S56: =CONCATENATE("RTG36: ",'RTG&HARBOUR FAULTS'!B34,"_",'RTG&HARBOUR FAULTS'!F34,"_",'RTG&HARBOUR FAULTS'!J34) -> RTG36: NIL_NIL_NIL
G57: =CONVERT(H57,"hr","min") -> 0 | H57: ='RTG&HARBOUR FAULTS'!N35 -> 0 | I57: =H57 -> 0 | J57: =I57/0.00069444444444444 -> 0 | K57: =(1-I57)/0.00069444444444444 -> 1440 | L57: =((1440-(J57))/1440)*100 -> 100 | M57: ='RTG&HARBOUR FAULTS'!O35 -> 0 | N57: =((1440-J57)/(M57+1))*0.00069444444444444 -> 1 | O57: =((1440-K57)/(M57))*0.00069444444444444 -> #DIV/0! | S57: =CONCATENATE("RTG37: ",'RTG&HARBOUR FAULTS'!B35,"_",'RTG&HARBOUR FAULTS'!F35,"_",'RTG&HARBOUR FAULTS'!J35) -> RTG37: NIL_NIL_NIL
G58: =CONVERT(H58,"hr","min") -> 1.875 | H58: ='RTG&HARBOUR FAULTS'!N36 -> 0.03125 | I58: =H58 -> 0.03125 | J58: =I58/0.00069444444444444 -> 45 | K58: =(1-I58)/0.00069444444444444 -> 1395 | L58: =((1440-(J58))/1440)*100 -> 96.875 | M58: ='RTG&HARBOUR FAULTS'!O36 -> 1 | N58: =((1440-J58)/(M58+1))*0.00069444444444444 -> 0.484375 | O58: =((1440-K58)/(M58))*0.00069444444444444 -> 0.03125 | S58: =CONCATENATE("RTG38: ",'RTG&HARBOUR FAULTS'!B36,"_",'RTG&HARBOUR FAULTS'!F36,"_",'RTG&HARBOUR FAULTS'!J36) -> RTG38: NIL_LOCK SIGNAL_NIL
G59: =CONVERT(H59,"hr","min") -> 60 | H59: ='RTG&HARBOUR FAULTS'!N37 -> 1 | I59: =H59 -> 1 | J59: =I59/0.00069444444444444 -> 1440 | K59: =(1-I59)/0.00069444444444444 -> 0 | L59: =((1440-(J59))/1440)*100 -> -6.3159354e-13 | M59: ='RTG&HARBOUR FAULTS'!O37 -> 0 | N59: =((1440-J59)/(M59+1))*0.00069444444444444 -> -6.3159354e-15 | O59: =((1440-K59)/(M59))*0.00069444444444444 -> #DIV/0! | S59: =CONCATENATE("RTG39: ",'RTG&HARBOUR FAULTS'!B37,"_",'RTG&HARBOUR FAULTS'!F37,"_",'RTG&HARBOUR FAULTS'!J37) -> RTG39: ENGINE STARTING/CABLES VANDALISED-OUT_OUT_OUT
G60: =CONVERT(H60,"hr","min") -> 1.875 | H60: ='RTG&HARBOUR FAULTS'!N38 -> 0.03125 | I60: =H60 -> 0.03125 | J60: =I60/0.00069444444444444 -> 45 | K60: =(1-I60)/0.00069444444444444 -> 1395 | L60: =((1440-(J60))/1440)*100 -> 96.875 | M60: ='RTG&HARBOUR FAULTS'!O38 -> 2 | N60: =((1440-J60)/(M60+1))*0.00069444444444444 -> 0.32291667 | O60: =((1440-K60)/(M60))*0.00069444444444444 -> 0.015625 | S60: =CONCATENATE("RTG41: ",'RTG&HARBOUR FAULTS'!B38,"_",'RTG&HARBOUR FAULTS'!F38,"_",'RTG&HARBOUR FAULTS'!J38) -> RTG41: CONTROL ON_STARTING_NIL
G61: =CONVERT(H61,"hr","min") -> 0 | H61: ='RTG&HARBOUR FAULTS'!N39 -> 0 | I61: =H61 -> 0 | J61: =I61/0.00069444444444444 -> 0 | K61: =(1-I61)/0.00069444444444444 -> 1440 | L61: =((1440-(J61))/1440)*100 -> 100 | M61: ='RTG&HARBOUR FAULTS'!O39 -> 0 | N61: =((1440-J61)/(M61+1))*0.00069444444444444 -> 1 | O61: =((1440-K61)/(M61))*0.00069444444444444 -> #DIV/0! | S61: =CONCATENATE("RTG42: ",'RTG&HARBOUR FAULTS'!B39,"_",'RTG&HARBOUR FAULTS'!F39,"_",'RTG&HARBOUR FAULTS'!J39) -> RTG42: NIL_NIL_NIL
G62: =CONVERT(H62,"hr","min") -> 0 | H62: ='RTG&HARBOUR FAULTS'!N40 -> 0 | I62: =H62 -> 0 | J62: =I62/0.00069444444444444 -> 0 | K62: =(1-I62)/0.00069444444444444 -> 1440 | L62: =((1440-(J62))/1440)*100 -> 100 | M62: ='RTG&HARBOUR FAULTS'!O40 -> 0 | N62: =((1440-J62)/(M62+1))*0.00069444444444444 -> 1 | O62: =((1440-K62)/(M62))*0.00069444444444444 -> #DIV/0! | S62: =CONCATENATE("RTG44: ",'RTG&HARBOUR FAULTS'!B40,"_",'RTG&HARBOUR FAULTS'!F40,"_",'RTG&HARBOUR FAULTS'!J40) -> RTG44: NIL_NIL_NIL
G63: =CONVERT(H63,"hr","min") -> 60 | H63: ='RTG&HARBOUR FAULTS'!N41 -> 1 | I63: =H63 -> 1 | J63: =I63/0.00069444444444444 -> 1440 | K63: =(1-I63)/0.00069444444444444 -> 0 | L63: =((1440-(J63))/1440)*100 -> -6.3159354e-13 | M63: ='RTG&HARBOUR FAULTS'!O41 -> 0 | N63: =((1440-J63)/(M63+1))*0.00069444444444444 -> -6.3159354e-15 | O63: =((1440-K63)/(M63))*0.00069444444444444 -> #DIV/0! | S63: =CONCATENATE("RTG45: ",'RTG&HARBOUR FAULTS'!B41,"_",'RTG&HARBOUR FAULTS'!F41,"_",'RTG&HARBOUR FAULTS'!J41) -> RTG45: STEERING -OUT_OUT_OUT
G64: =CONVERT(H64,"hr","min") -> 2.7083333 | H64: ='RTG&HARBOUR FAULTS'!N42 -> 0.045138889 | I64: =H64 -> 0.045138889 | J64: =I64/0.00069444444444444 -> 65 | K64: =(1-I64)/0.00069444444444444 -> 1375 | L64: =((1440-(J64))/1440)*100 -> 95.486111 | M64: ='RTG&HARBOUR FAULTS'!O42 -> 2 | N64: =((1440-J64)/(M64+1))*0.00069444444444444 -> 0.31828704 | O64: =((1440-K64)/(M64))*0.00069444444444444 -> 0.022569444 | S64: =CONCATENATE("RTG2-01: ",'RTG&HARBOUR FAULTS'!B42,"_",'RTG&HARBOUR FAULTS'!F42,"_",'RTG&HARBOUR FAULTS'!J42) -> RTG2-01: ENGINE STARTING/SKEW_NIL_NIL
G65: =CONVERT(H65,"hr","min") -> 7.9166667 | H65: ='RTG&HARBOUR FAULTS'!N43 -> 0.13194444 | I65: =H65 -> 0.13194444 | J65: =I65/0.00069444444444444 -> 190 | K65: =(1-I65)/0.00069444444444444 -> 1250 | L65: =((1440-(J65))/1440)*100 -> 86.805556 | M65: ='RTG&HARBOUR FAULTS'!O43 -> 1 | N65: =((1440-J65)/(M65+1))*0.00069444444444444 -> 0.43402778 | O65: =((1440-K65)/(M65))*0.00069444444444444 -> 0.13194444 | S65: =CONCATENATE("RTG2-02: ",'RTG&HARBOUR FAULTS'!B43,"_",'RTG&HARBOUR FAULTS'!F43,"_",'RTG&HARBOUR FAULTS'!J43) -> RTG2-02: ANTSWAY WIRE ROPE LOOSE_NIL_NIL
G66: =CONVERT(H66,"hr","min") -> 0 | H66: ='RTG&HARBOUR FAULTS'!N44 -> 0 | I66: =H66 -> 0 | J66: =I66/0.00069444444444444 -> 0 | K66: =(1-I66)/0.00069444444444444 -> 1440 | L66: =((1440-(J66))/1440)*100 -> 100 | M66: ='RTG&HARBOUR FAULTS'!O44 -> 0 | N66: =((1440-J66)/(M66+1))*0.00069444444444444 -> 1 | O66: =((1440-K66)/(M66))*0.00069444444444444 -> #DIV/0! | S66: =CONCATENATE("RTG2-03: ",'RTG&HARBOUR FAULTS'!B44,"_",'RTG&HARBOUR FAULTS'!F44,"_",'RTG&HARBOUR FAULTS'!J44) -> RTG2-03: NIL_NIL_NIL
G67: =CONVERT(H67,"hr","min") -> 1.25 | H67: ='RTG&HARBOUR FAULTS'!N45 -> 0.020833333 | I67: =H67 -> 0.020833333 | J67: =I67/0.00069444444444444 -> 30 | K67: =(1-I67)/0.00069444444444444 -> 1410 | L67: =((1440-(J67))/1440)*100 -> 97.916667 | M67: ='RTG&HARBOUR FAULTS'!O45 -> 1 | N67: =((1440-J67)/(M67+1))*0.00069444444444444 -> 0.48958333 | O67: =((1440-K67)/(M67))*0.00069444444444444 -> 0.020833333 | S67: =CONCATENATE("RTG2-04: ",'RTG&HARBOUR FAULTS'!B45,"_",'RTG&HARBOUR FAULTS'!F45,"_",'RTG&HARBOUR FAULTS'!J45) -> RTG2-04: NIL_SKEWING FAULT_NIL
G68: =CONVERT(H68,"hr","min") -> 0 | H68: ='RTG&HARBOUR FAULTS'!N46 -> 0 | I68: =H68 -> 0 | J68: =I68/0.00069444444444444 -> 0 | K68: =(1-I68)/0.00069444444444444 -> 1440 | L68: =((1440-(J68))/1440)*100 -> 100 | M68: ='RTG&HARBOUR FAULTS'!O46 -> 0 | N68: =((1440-J68)/(M68+1))*0.00069444444444444 -> 1 | O68: =((1440-K68)/(M68))*0.00069444444444444 -> #DIV/0! | S68: =CONCATENATE("RTG2-05: ",'RTG&HARBOUR FAULTS'!B46,"_",'RTG&HARBOUR FAULTS'!F46,"_",'RTG&HARBOUR FAULTS'!J46) -> RTG2-05: NIL_NIL_NIL
G69: =CONVERT(H69,"hr","min") -> 60 | H69: ='RTG&HARBOUR FAULTS'!N47 -> 1 | I69: =H69 -> 1 | J69: =I69/0.00069444444444444 -> 1440 | K69: =(1-I69)/0.00069444444444444 -> 0 | L69: =((1440-(J69))/1440)*100 -> -6.3159354e-13 | M69: ='RTG&HARBOUR FAULTS'!O47 -> 0 | N69: =((1440-J69)/(M69+1))*0.00069444444444444 -> -6.3159354e-15 | O69: =((1440-K69)/(M69))*0.00069444444444444 -> #DIV/0! | S69: =CONCATENATE("RTG2-06: ",'RTG&HARBOUR FAULTS'!B47,"_",'RTG&HARBOUR FAULTS'!F47,"_",'RTG&HARBOUR FAULTS'!J47) -> RTG2-06: STARTING-OUT _OUT_OUT
G70: =CONVERT(H70,"hr","min") -> 60 | H70: ='RTG&HARBOUR FAULTS'!N48 -> 1 | I70: =H70 -> 1 | J70: =I70/0.00069444444444444 -> 1440 | K70: =(1-I70)/0.00069444444444444 -> 0 | L70: =((1440-(J70))/1440)*100 -> -6.3159354e-13 | M70: ='RTG&HARBOUR FAULTS'!O48 -> 0.045138889 | N70: =((1440-J70)/(M70+1))*0.00069444444444444 -> -6.0431542e-15 | O70: =((1440-K70)/(M70))*0.00069444444444444 -> 22.153846 | S70: =CONCATENATE("RTG2-07: ",'RTG&HARBOUR FAULTS'!B48,"_",'RTG&HARBOUR FAULTS'!F48,"_",'RTG&HARBOUR FAULTS'!J48) -> RTG2-07: GENERATOR FAULT-OUT_OUT_OUT
G71: =CONVERT(H71,"hr","min") -> 60 | H71: ='RTG&HARBOUR FAULTS'!N49 -> 1 | I71: =H71 -> 1 | J71: =I71/0.00069444444444444 -> 1440 | K71: =(1-I71)/0.00069444444444444 -> 0 | L71: =((1440-(J71))/1440)*100 -> -6.3159354e-13 | M71: ='RTG&HARBOUR FAULTS'!O49 -> 0 | N71: =((1440-J71)/(M71+1))*0.00069444444444444 -> -6.3159354e-15 | O71: =((1440-K71)/(M71))*0.00069444444444444 -> #DIV/0! | S71: =CONCATENATE("RTG2-08: ",'RTG&HARBOUR FAULTS'!B49,"_",'RTG&HARBOUR FAULTS'!F49,"_",'RTG&HARBOUR FAULTS'!J49) -> RTG2-08: ACCIDENT-OUT _OUT_OUT
G72: =CONVERT(H72,"hr","min") -> 0 | H72: ='RTG&HARBOUR FAULTS'!N50 -> 0 | I72: =H72 -> 0 | J72: =I72/0.00069444444444444 -> 0 | K72: =(1-I72)/0.00069444444444444 -> 1440 | L72: =((1440-(J72))/1440)*100 -> 100 | M72: ='RTG&HARBOUR FAULTS'!O50 -> 0 | N72: =((1440-J72)/(M72+1))*0.00069444444444444 -> 1 | O72: =((1440-K72)/(M72))*0.00069444444444444 -> #DIV/0! | S72: =CONCATENATE("RTG2-09: ",'RTG&HARBOUR FAULTS'!B50,"_",'RTG&HARBOUR FAULTS'!F50,"_",'RTG&HARBOUR FAULTS'!J50) -> RTG2-09: NIL_NIL_NIL
G73: =CONVERT(H73,"hr","min") -> 60 | H73: ='RTG&HARBOUR FAULTS'!N51 -> 1 | I73: =H73 -> 1 | J73: =I73/0.00069444444444444 -> 1440 | K73: =(1-I73)/0.00069444444444444 -> 0 | L73: =((1440-(J73))/1440)*100 -> -6.3159354e-13 | M73: ='RTG&HARBOUR FAULTS'!O51 -> 0 | N73: =((1440-J73)/(M73+1))*0.00069444444444444 -> -6.3159354e-15 | O73: =((1440-K73)/(M73))*0.00069444444444444 -> #DIV/0! | S73: =CONCATENATE("RTG2-10: ",'RTG&HARBOUR FAULTS'!B51,"_",'RTG&HARBOUR FAULTS'!F51,"_",'RTG&HARBOUR FAULTS'!J51) -> RTG2-10: NO ALTERNATOR VOLTAGE-OUT_OUT_OUT
G74: =CONVERT(H74,"hr","min") -> 0 | H74: ='RTG&HARBOUR FAULTS'!N52 -> 0 | I74: =H74 -> 0 | J74: =I74/0.00069444444444444 -> 0 | K74: =(1-I74)/0.00069444444444444 -> 1440 | L74: =((1440-(J74))/1440)*100 -> 100 | M74: ='RTG&HARBOUR FAULTS'!O52 -> 0 | N74: =((1440-J74)/(M74+1))*0.00069444444444444 -> 1 | O74: =((1440-K74)/(M74))*0.00069444444444444 -> #DIV/0! | S74: =CONCATENATE("RTG2-11: ",'RTG&HARBOUR FAULTS'!B52,"_",'RTG&HARBOUR FAULTS'!F52,"_",'RTG&HARBOUR FAULTS'!J52) -> RTG2-11: NIL_NIL_NIL
G75: =CONVERT(H75,"hr","min") -> 1.25 | H75: ='RTG&HARBOUR FAULTS'!N53 -> 0.020833333 | I75: =H75 -> 0.020833333 | J75: =I75/0.00069444444444444 -> 30 | K75: =(1-I75)/0.00069444444444444 -> 1410 | L75: =((1440-(J75))/1440)*100 -> 97.916667 | M75: ='RTG&HARBOUR FAULTS'!O53 -> 1 | N75: =((1440-J75)/(M75+1))*0.00069444444444444 -> 0.48958333 | O75: =((1440-K75)/(M75))*0.00069444444444444 -> 0.020833333 | S75: =CONCATENATE("RTG2-12: ",'RTG&HARBOUR FAULTS'!B53,"_",'RTG&HARBOUR FAULTS'!F53,"_",'RTG&HARBOUR FAULTS'!J53) -> RTG2-12: NIL_NIL_ENGINE STARTING
G76: =CONVERT(H76,"hr","min") -> 0 | H76: ='RTG&HARBOUR FAULTS'!N54 -> 0 | I76: =H76 -> 0 | J76: =I76/0.00069444444444444 -> 0 | K76: =(1-I76)/0.00069444444444444 -> 1440 | L76: =((1440-(J76))/1440)*100 -> 100 | M76: ='RTG&HARBOUR FAULTS'!O54 -> 0 | N76: =((1440-J76)/(M76+1))*0.00069444444444444 -> 1 | O76: =((1440-K76)/(M76))*0.00069444444444444 -> #DIV/0! | S76: =CONCATENATE("RTG2-13: ",'RTG&HARBOUR FAULTS'!B54,"_",'RTG&HARBOUR FAULTS'!F54,"_",'RTG&HARBOUR FAULTS'!J54) -> RTG2-13: NIL_NIL_NIL
G77: =CONVERT(H77,"hr","min") -> 0.625 | H77: ='RTG&HARBOUR FAULTS'!N55 -> 0.010416667 | I77: =H77 -> 0.010416667 | J77: =I77/0.00069444444444444 -> 15 | K77: =(1-I77)/0.00069444444444444 -> 1425 | L77: =((1440-(J77))/1440)*100 -> 98.958333 | M77: ='RTG&HARBOUR FAULTS'!O55 -> 1 | N77: =((1440-J77)/(M77+1))*0.00069444444444444 -> 0.49479167 | O77: =((1440-K77)/(M77))*0.00069444444444444 -> 0.010416667 | S77: =CONCATENATE("RTG2-14: ",'RTG&HARBOUR FAULTS'!B55,"_",'RTG&HARBOUR FAULTS'!F55,"_",'RTG&HARBOUR FAULTS'!J55) -> RTG2-14: NIL_NIL_LOCK SIGNAL
G78: =CONVERT(H78,"hr","min") -> 0 | H78: ='RTG&HARBOUR FAULTS'!N56 -> 0 | I78: =H78 -> 0 | J78: =I78/0.00069444444444444 -> 0 | K78: =(1-I78)/0.00069444444444444 -> 1440 | L78: =((1440-(J78))/1440)*100 -> 100 | M78: ='RTG&HARBOUR FAULTS'!O56 -> 0 | N78: =((1440-J78)/(M78+1))*0.00069444444444444 -> 1 | O78: =((1440-K78)/(M78))*0.00069444444444444 -> #DIV/0! | S78: =CONCATENATE("RTG2-15: ",'RTG&HARBOUR FAULTS'!B56,"_",'RTG&HARBOUR FAULTS'!F56,"_",'RTG&HARBOUR FAULTS'!J56) -> RTG2-15: NIL_NIL_NIL
G79: =CONVERT(H79,"hr","min") -> 0 | H79: ='RTG&HARBOUR FAULTS'!N57 -> 0 | I79: =H79 -> 0 | J79: =I79/0.00069444444444444 -> 0 | K79: =(1-I79)/0.00069444444444444 -> 1440 | L79: =((1440-(J79))/1440)*100 -> 100 | M79: ='RTG&HARBOUR FAULTS'!O57 -> 0 | N79: =((1440-J79)/(M79+1))*0.00069444444444444 -> 1 | O79: =((1440-K79)/(M79))*0.00069444444444444 -> #DIV/0! | S79: =CONCATENATE("RTG2-16: ",'RTG&HARBOUR FAULTS'!B57,"_",'RTG&HARBOUR FAULTS'!F57,"_",'RTG&HARBOUR FAULTS'!J57) -> RTG2-16: NIL_NIL_NIL
G80: =CONVERT(H80,"hr","min") -> 0 | H80: ='RTG&HARBOUR FAULTS'!N58 -> 0 | L80: =((1440-(J80))/1440)*100 -> 100 | M80: ='RTG&HARBOUR FAULTS'!O58 -> 0 | N80: =((1440-J80)/(M80+1))*0.00069444444444444 -> 1 | O80: =((1440-K80)/(M80))*0.00069444444444444 -> #DIV/0! | S80: =CONCATENATE("RTG2-17: ",'RTG&HARBOUR FAULTS'!B58,"_",'RTG&HARBOUR FAULTS'!F58,"_",'RTG&HARBOUR FAULTS'!J58) -> RTG2-17: NIL_NIL_NIL
G81: =CONVERT(H81,"hr","min") -> 0 | H81: ='RTG&HARBOUR FAULTS'!N59 -> 0 | L81: =((1440-(J81))/1440)*100 -> 100 | M81: ='RTG&HARBOUR FAULTS'!O59 -> 0 | N81: =((1440-J81)/(M81+1))*0.00069444444444444 -> 1 | O81: =((1440-K81)/(M81))*0.00069444444444444 -> #DIV/0! | S81: =CONCATENATE("RTG2-18: ",'RTG&HARBOUR FAULTS'!B59,"_",'RTG&HARBOUR FAULTS'!F59,"_",'RTG&HARBOUR FAULTS'!J59) -> RTG2-18: NIL_NIL_NIL
G82: =CONVERT(H82,"hr","min") -> 0 | H82: ='RTG&HARBOUR FAULTS'!N60 -> 0 | L82: =((1440-(J82))/1440)*100 -> 100 | M82: ='RTG&HARBOUR FAULTS'!O60 -> 0 | N82: =((1440-J82)/(M82+1))*0.00069444444444444 -> 1 | O82: =((1440-K82)/(M82))*0.00069444444444444 -> #DIV/0! | S82: =CONCATENATE("RTG2-19: ",'RTG&HARBOUR FAULTS'!B60,"_",'RTG&HARBOUR FAULTS'!F60,"_",'RTG&HARBOUR FAULTS'!J60) -> RTG2-19: NIL_NIL_NIL
G83: =CONVERT(H83,"hr","min") -> 60 | H83: ='RTG&HARBOUR FAULTS'!N61 -> 1 | L83: =((1440-(J83))/1440)*100 -> 100 | M83: ='RTG&HARBOUR FAULTS'!O61 -> 0 | N83: =((1440-J83)/(M83+1))*0.00069444444444444 -> 1 | O83: =((1440-K83)/(M83))*0.00069444444444444 -> #DIV/0! | S83: =CONCATENATE("RTG2-20: ",'RTG&HARBOUR FAULTS'!B61,"_",'RTG&HARBOUR FAULTS'!F61,"_",'RTG&HARBOUR FAULTS'!J61) -> RTG2-20: ACCIDENT-SPD LOCK MOTOR FAULT-OUT_OUT_OUT
H84: ='RTG&HARBOUR FAULTS'!N62 -> 0 | L84: =((1440-(J84))/1440)*100 -> 100 | M84: ='RTG&HARBOUR FAULTS'!O62 -> 0 | N84: =((1440-J84)/(M84+1))*0.00069444444444444 -> 1 | O84: =((1440-K84)/(M84))*0.00069444444444444 -> #DIV/0! | S84: =CONCATENATE("RTG2-21: ",'RTG&HARBOUR FAULTS'!B62,"_",'RTG&HARBOUR FAULTS'!F62,"_",'RTG&HARBOUR FAULTS'!J62) -> RTG2-21: NIL_NIL_NIL
H85: ='RTG&HARBOUR FAULTS'!N63 -> 1 | L85: =((1440-(J85))/1440)*100 -> 100 | M85: ='RTG&HARBOUR FAULTS'!O63 -> 0 | N85: =((1440-J85)/(M85+1))*0.00069444444444444 -> 1 | O85: =((1440-K85)/(M85))*0.00069444444444444 -> #DIV/0! | S85: =CONCATENATE("RTG2-22: ",'RTG&HARBOUR FAULTS'!B63,"_",'RTG&HARBOUR FAULTS'!F63,"_",'RTG&HARBOUR FAULTS'!J63) -> RTG2-22: BATTERY FAULT-OUT_OUT_OUT
H86: ='RTG&HARBOUR FAULTS'!N64 -> 0.010416667 | L86: =((1440-(J86))/1440)*100 -> 100 | M86: ='RTG&HARBOUR FAULTS'!O64 -> 1 | N86: =((1440-J86)/(M86+1))*0.00069444444444444 -> 0.5 | O86: =((1440-K86)/(M86))*0.00069444444444444 -> 1 | S86: =CONCATENATE("RTG2-24: ",'RTG&HARBOUR FAULTS'!B64,"_",'RTG&HARBOUR FAULTS'!F64,"_",'RTG&HARBOUR FAULTS'!J64) -> RTG2-24: NIL_NIL_ECCENTRIC OVERLOAD
H87: ='RTG&HARBOUR FAULTS'!N65 -> 0.024305556 | L87: =((1440-(J87))/1440)*100 -> 100 | M87: ='RTG&HARBOUR FAULTS'!O65 -> 1 | N87: =((1440-J87)/(M87+1))*0.00069444444444444 -> 0.5 | O87: =((1440-K87)/(M87))*0.00069444444444444 -> 1 | S87: =CONCATENATE("RTG2-25: ",'RTG&HARBOUR FAULTS'!B65,"_",'RTG&HARBOUR FAULTS'!F65,"_",'RTG&HARBOUR FAULTS'!J65) -> RTG2-25: LOCK SIGNAL_NIL_NIL
H88: ='RTG&HARBOUR FAULTS'!N66 -> 0 | L88: =((1440-(J88))/1440)*100 -> 100 | M88: ='RTG&HARBOUR FAULTS'!O66 -> 0 | N88: =((1440-J88)/(M88+1))*0.00069444444444444 -> 1 | O88: =((1440-K88)/(M88))*0.00069444444444444 -> #DIV/0! | S88: =CONCATENATE("RTG2-26: ",'RTG&HARBOUR FAULTS'!B66,"_",'RTG&HARBOUR FAULTS'!F66,"_",'RTG&HARBOUR FAULTS'!J66) -> RTG2-26: NIL_NIL_NIL
H89: ='RTG&HARBOUR FAULTS'!N67 -> 0 | L89: =((1440-(J89))/1440)*100 -> 100 | M89: ='RTG&HARBOUR FAULTS'!O71 -> 0 | N89: =((1440-J89)/(M89+1))*0.00069444444444444 -> 1 | O89: =((1440-K89)/(M89))*0.00069444444444444 -> #DIV/0! | S89: =CONCATENATE("RTG2-27: ",'RTG&HARBOUR FAULTS'!B67,"_",'RTG&HARBOUR FAULTS'!F67,"_",'RTG&HARBOUR FAULTS'!J67) -> RTG2-27: NIL_NIL_NIL
H90: ='RTG&HARBOUR FAULTS'!N68 -> 0 | L90: =((1440-(J90))/1440)*100 -> 100 | M90: ='RTG&HARBOUR FAULTS'!O72 -> 0 | N90: =((1440-J90)/(M90+1))*0.00069444444444444 -> 1 | O90: =((1440-K90)/(M90))*0.00069444444444444 -> #DIV/0! | S90: =CONCATENATE("RTG2-28: ",'RTG&HARBOUR FAULTS'!B68,"_",'RTG&HARBOUR FAULTS'!F68,"_",'RTG&HARBOUR FAULTS'!J68) -> RTG2-28: NIL_NIL_NIL
H91: ='RTG&HARBOUR FAULTS'!N69 -> 0.0069444444 | L91: =((1440-(J91))/1440)*100 -> 100 | M91: ='RTG&HARBOUR FAULTS'!O73 -> 0 | N91: =((1440-J91)/(M91+1))*0.00069444444444444 -> 1 | O91: =((1440-K91)/(M91))*0.00069444444444444 -> #DIV/0! | S91: =CONCATENATE("RTG2-29: ",'RTG&HARBOUR FAULTS'!B69,"_",'RTG&HARBOUR FAULTS'!F69,"_",'RTG&HARBOUR FAULTS'!J69) -> RTG2-29: NIL_NIL_ECCENTRIC OVERLOAD
H92: ='RTG&HARBOUR FAULTS'!N70 -> 0.010416667 | L92: =((1440-(J92))/1440)*100 -> 100 | M92: ='RTG&HARBOUR FAULTS'!O73 -> 0 | N92: =((1440-J92)/(M92+1))*0.00069444444444444 -> 1 | O92: =((1440-K92)/(M92))*0.00069444444444444 -> #DIV/0! | S92: =CONCATENATE("RTG2-30: ",'RTG&HARBOUR FAULTS'!B70,"_",'RTG&HARBOUR FAULTS'!F70,"_",'RTG&HARBOUR FAULTS'!J70) -> RTG2-30: NIL_NIL_ECCENTRIC OVERLOAD
A93: MHC | D93: 4 | E93: ='RTG&HARBOUR FAULTS'!K8 -> 2 | F93: 2 | G93: =SUM(G32:G83) -> 942.29167 | H93: MOBILE HARBOUR CRANES
D94: AVE | E94: =AA94 -> 2.9791667 | G94: =CONVERT(H94,"hr","min") -> 1.25 | H94: ='RTG&HARBOUR FAULTS'!N75 -> 0.020833333 | I94: =H94 -> 0.020833333 | J94: =I94/0.00069444444444444 -> 30 | K94: =(1-I94)/0.00069444444444444 -> 1410 | L94: =((1440-(J94))/1440)*100 -> 97.916667 | M94: ='RTG&HARBOUR FAULTS'!O75 -> 1 | N94: =((1440-J94)/(M94+1))*0.00069444444444444 -> 0.48958333 | O94: =((1440-K94)/(M94))*0.00069444444444444 -> 0.020833333 | P94: =AVERAGE(L94,L95,L96,L97) -> 74.479167 | Q94: =AVERAGEIF(N94:N95,">0",N94:N95) -> 0.48958333 | R94: =AVERAGEIF(O94:O95,">0",O94:O95) -> 0.020833333 | S94: =CONCATENATE("MHC201: ",'RTG&HARBOUR FAULTS'!B75,"_",'RTG&HARBOUR FAULTS'!F75,"_",'RTG&HARBOUR FAULTS'!J75) -> MHC201: NIL_SWIVEL ROTATION FAULT_NIL | AA94: =(P94/100*4) -> 2.9791667
G95: =CONVERT(H95,"hr","min") -> 60 | H95: ='RTG&HARBOUR FAULTS'!N76 -> 1 | I95: =H95 -> 1 | J95: =I95/0.00069444444444444 -> 1440 | K95: =(1-I95)/0.00069444444444444 -> 0 | L95: =((1440-(J95))/1440)*100 -> -6.3159354e-13 | M95: ='RTG&HARBOUR FAULTS'!O76 -> 0 | N95: =((1440-J95)/(M95+1))*0.00069444444444444 -> -6.3159354e-15 | O95: =((1440-K95)/(M95))*0.00069444444444444 -> #DIV/0! | P95: 90 | Q95: 0.95 | R95: 0.03125 | S95: =CONCATENATE("MHC202: ",'RTG&HARBOUR FAULTS'!B76,"_",'RTG&HARBOUR FAULTS'!F76,"_",'RTG&HARBOUR FAULTS'!J76) -> MHC202: ACCIDENT.OUT_OUT_OUT
G96: =CONVERT(H96,"hr","min") -> 0 | H96: ='RTG&HARBOUR FAULTS'!N77 -> 0 | I96: =H96 -> 0 | J96: =I96/0.00069444444444444 -> 0 | K96: =(1-I96)/0.00069444444444444 -> 1440 | L96: =((1440-(J96))/1440)*100 -> 100 | M96: ='RTG&HARBOUR FAULTS'!O79 -> 0 | N96: =((1440-J96)/(M96+1))*0.00069444444444444 -> 1 | S96: =CONCATENATE("MHC203: ",'RTG&HARBOUR FAULTS'!B77,"_",'RTG&HARBOUR FAULTS'!F77,"_",'RTG&HARBOUR FAULTS'!J77) -> MHC203: REFUBISHMENT-OUT_OUT_OUT
G97: =CONVERT(H97,"hr","min") -> 0 | H97: ='RTG&HARBOUR FAULTS'!N78 -> 0 | I97: =H97 -> 0 | J97: =I97/0.00069444444444444 -> 0 | K97: =(1-I97)/0.00069444444444444 -> 1440 | L97: =((1440-(J97))/1440)*100 -> 100 | M97: ='RTG&HARBOUR FAULTS'!O78 -> 0 | N97: =((1440-J97)/(M97+1))*0.00069444444444444 -> 1 | S97: =CONCATENATE("MHC204: ",'RTG&HARBOUR FAULTS'!B78,"_",'RTG&HARBOUR FAULTS'!F78,"_",'RTG&HARBOUR FAULTS'!J78) -> MHC204: NIL_NIL_NIL
A98: RS | D98: 19 | E98: ='CONTAINER HANDLERS FAULTS'!K6 -> 10 | F98: 16 | G98: =SUM(G94:G97) -> 61.25 | H98: REACHSTACKERS
G99: =CONVERT(H99,"hr","min") -> 60 | H99: ='CONTAINER HANDLERS FAULTS'!O10 -> 1 | I99: =H99 -> 1 | J99: =I99/0.00069444444444444 -> 1440 | K99: =(1-I99)/0.00069444444444444 -> 0 | L99: =((1440-(J99))/1440)*100 -> -6.3159354e-13 | M99: ='CONTAINER HANDLERS FAULTS'!P10 -> 0 | N99: =((1440-J99)/(M99+1))*0.00069444444444444 -> -6.3159354e-15 | O99: =((1440-K99)/(M99))*0.00069444444444444 -> #DIV/0! | P99: =AVERAGE(L99:L117) -> 49.214181 | Q99: =AVERAGEIF(N99:N117,">0",N99:N117) -> 0.8603588 | R99: =AVERAGEIF(O99:O117,">0",O99:O117) -> 0.18229167 | S99: =CONCATENATE("HK39: ",'CONTAINER HANDLERS FAULTS'!B10,"_",'CONTAINER HANDLERS FAULTS'!G10,"_",'CONTAINER HANDLERS FAULTS'!K10) -> HK39: RADIATOR LEAKAGES -OUT_OUT_OUT | AA99: =P99/100*19 -> 9.3506944
D100: AVE. | E100: =AA99 -> 9.3506944 | G100: =CONVERT(H100,"hr","min") -> 4.7916667 | H100: ='CONTAINER HANDLERS FAULTS'!O11 -> 0.079861111 | I100: =H100 -> 0.079861111 | J100: =I100/0.00069444444444444 -> 115 | K100: =(1-I100)/0.00069444444444444 -> 1325 | L100: =((1440-(J100))/1440)*100 -> 92.013889 | M100: ='CONTAINER HANDLERS FAULTS'!P11 -> 1 | N100: =((1440-J100)/(M100+1))*0.00069444444444444 -> 0.46006944 | O100: =((1440-K100)/(M100))*0.00069444444444444 -> 0.079861111 | P100: 90 | Q100: 0.85 | R100: 0.03125 | S100: =CONCATENATE("HK40: ",'CONTAINER HANDLERS FAULTS'!B11,"_",'CONTAINER HANDLERS FAULTS'!G11,"_",'CONTAINER HANDLERS FAULTS'!K11) -> HK40: HYD OIL LEAKAGE_NIL_NIL
...

Sheet Sheet31

Sheet Sheet30

Sheet Sheet1

Sheet Sheet21

Sheet Sheet22

Sheet Sheet23

Sheet Sheet24

Sheet Sheet25

Sheet Sheet26

Sheet Sheet19

Sheet Sheet20

Sheet Sheet14

Sheet Sheet6

Sheet Sheet15

Sheet Sheet4

Sheet Sheet13

Sheet Sheet11

Sheet Sheet9

Sheet Sheet2

Sheet Sheet29

Sheet Sheet3

Sheet Sheet32

Sheet Sheet28

Sheet Sheet16

Sheet Sheet10

Sheet Sheet7

Sheet Sheet8

Sheet Sheet17

Sheet Sheet12

Sheet STS RMG FAULTS
A1: 1 | C1: KENYA PORTS AUTHORITY
C2: CONTAINER TERMINAL ENGINEERING STS/RMG FAULTS AND DOWNTIME - | H2: 0700HRS
B3: ='OTHER REPORTS'!A3 -> TUESDAY 21ST OCTOBER 2025
B4: FIRST SHIFT | G4: SECOND SHIFT | K4: THIRD SHIFT | O4: TOTAL DOWNTIME PER EQUIPMENT | P4: TOTAL NO. OF CALLS PER DAY
A5: INCHARGE | C5: KOMBE | G5: AMUTI | K5: NDIRANGU
A6: AVAILED SHIFT @ END | B6: STS | C6: CONTAINER TERMINAL 1 | D6: 9 | G6: CONTAINER TERMINAL 1 | H6: 10 | K6: CONTAINER TERMINAL 1 | L6: 10
C7: CONTAINER TERMINAL 2 | D7: 5 | G7: CONTAINER TERMINAL 2 | H7: 5 | K7: CONTAINER TERMINAL 2 | L7: 5
A8: EQUIPMENT | B8: FAULT(S) | D8: DOWNTIME | E8: NO OF CALLS | G8: FAULT(S) | H8: DOWNTIME | I8: NO. OF CALLS | K8: FAULT(S) | L8: DOWNTIME | M8: NO. OF CALLS
A9: STS1603 | B9: HOIST | D9: 0 | E9: 10 | G9: NIL | H9: 0 | I9: 0 | K9: NIL | L9: 0 | M9: 0 | O9: =SUM(D9+H9+L9) -> 0 | P9: =E9+I9+M9 -> 10
A10: STS1604 | B10: NIL | D10: 0 | E10: 0 | G10: NIL | H10: 0 | I10: 0 | K10: NIL | L10: 0 | M10: 0 | O10: =SUM(D10+H10+L10) -> 0 | P10: 0
A11: STS1605 | B11: NIL | D11: 0 | E11: 0 | G11: NIL | H11: 0 | I11: 0 | K11: NIL | L11: 0 | M11: 0 | O11: =SUM(D11+H11+L11) -> 0 | P11: =E11+I11+M11 -> 0
A12: STS1606 | B12: NIL | D12: 0 | E12: 0 | G12: NIL | H12: 0 | I12: 0 | K12: NIL | L12: 0 | M12: 0 | O12: =SUM(D12+H12+L12) -> 0 | P12: =E12+I12+M12 -> 0
A13: STS1804 | B13: TRAVELLING | D13: 0.017361111 | E13: 1 | G13: TRAVELLING | H13: 0.010416667 | I13: 1 | K13: 40FT CONFIRMATION | L13: 0.010416667 | M13: 1 | O13: =SUM(D13+H13+L13) -> 0.038194444 | P13: =E13+I13+M13 -> 3
A14: STS1901 | B14: NIL | D14: 0 | E14: 0 | G14: NIL | H14: 0 | I14: 0 | K14: NIL | L14: 0 | M14: 0 | O14: =SUM(D14+H14+L14) -> 0 | P14: =E14+I14+M14 -> 0
A15: STS1902 | B15: NIL | D15: 0 | E15: 0 | G15: NIL | H15: 0 | I15: 0 | K15: NIL | L15: 0 | M15: 0 | O15: =SUM(D15+H15+L15) -> 0 | P15: =E15+I15+M15 -> 0
A16: STS1903 | B16: HOISTING/UMBILICAL SPRING/SLING SNAPPED | D16: 0.17013889 | E16: 2 | G16: UMBLICAL CABLE SPRING SNAPPED | H16: 0.017361111 | I16: 2 | K16: TRAVELLING | L16: 0.0034722222 | M16: 1 | O16: =SUM(D16+H16+L16) -> 0.19097222 | P16: =E16+I16+M16 -> 5
A17: STS1904 | B17: SPD COMMUNICATION | D17: 0.038194444 | E17: 2 | G17: NIL | H17: 0 | I17: 0 | K17: TWIN UP FAULT | L17: 0.0069444444 | M17: 1 | O17: =SUM(D17+H17+L17) -> 0.045138889 | P17: =E17+I17+M17 -> 3
A18: STS1905 | B18: HOIST WIRE ROPE SNAPPED | D18: 0.33333333 | E18: 0 | G18: READY AT 1610HRS/LOWERING | H18: 0.072916667 | I18: 1 | K18: CABLE REEL REEL SPRING SHACKLE SNAPPED | L18: 0.0069444444 | M18: 1 | O18: =SUM(D18+H18+L18) -> 0.41319444 | P18: =E18+I18+M18 -> 2
A19: STS2101 | B19: NIL | D19: 0 | E19: 0 | G19: LOCK SENSOR OFFSET/CARTENARY WIRE PULLEY DETACHED.OUT AT 1940HRS | H19: 0.14930556 | I19: 2 | K19: OUT | L19: 0.33333333 | M19: 0 | O19: =SUM(D19+H19+L19) -> 0.48263889 | P19: =E19+I19+M19 -> 2
A20: STS2102 | B20: NIL | D20: 0 | E20: 0 | G20: NIL | H20: 0 | I20: 0 | K20: NIL | L20: 0 | M20: 0 | O20: =SUM(D20+H20+L20) -> 0 | P20: =E20+H20+M20 -> 0
A21: STS2103 | B21: OP. CABIN DOOR REPAIR- AT 1105HRS | D21: 0.12152778 | E21: 1 | F21: 1 | G21: READY AT 1915HRS | H21: 0.17708333 | I21: 0 | K21: LOCK SIGNAL | L21: 0.020833333 | M21: 1 | O21: =SUM(D21+H21+L21) -> 0.31944444 | P21: =E21+I21+M21 -> 2
A22: STS2201 | B22: NIL | D22: 0 | E22: 0 | G22: NIL | H22: 0 | I22: 0 | K22: NIL | L22: 0 | M22: 0 | O22: =SUM(D22+H22+L22) -> 0 | P22: =E22+I22+M22 -> 0
A23: STS2202 | B23: NIL | D23: 0 | E23: 0 | G23: NIL | H23: 0 | I23: 0 | K23: NIL | L23: 0 | M23: 0 | O23: =SUM(D23+H23+L23) -> 0 | P23: =E23+I23+M23 -> 0
A24: STS2203 | B24: NIL | D24: 0 | E24: 0 | G24: NIL | H24: 0 | I24: 0 | K24: NIL | L24: 0 | M24: 0 | O24: =SUM(D24+H24+L24) -> 0 | P24: =E24+I24+M24 -> 0
A25: TOTAL DOWN TIME PER SHIFT | B25: ; | D25: =SUM(D9:D24) -> 0.68055556 | H25: =SUM(H9:H24) -> 0.42708333 | L25: =SUM(L9:L24) -> 0.38194444 | M25: 0
C26: =C5 -> KOMBE | G26: =G5 -> AMUTI | K26: =K5 -> NDIRANGU | M26: 0 | O26: =SUM(O9:O24) -> 1.4895833
A27: AVAILED SHIFT @ END | B27: RMG | C27: TERMINAL 1 | D27: 5 | G27: TERMINAL 1 | H27: 5 | K27: TERMINAL 1 | L27: 5 | M27: 0
C28: TERMINAL 2 | D28: 2 | G28: TERMINAL 2 | H28: 2 | K28: TERMINAL 2 | L28: 2 | M28: 0
A29: RMG05 | B29: CONTROL ON -OUT | D29: 0.33333333 | E29: 0 | G29: OUT | H29: 0.33333333 | I29: 0 | K29: OUT | L29: 0.33333333 | M29: 0 | O29: =SUM(D29+H29+L29) -> 1 | P29: =E29+I29+M29 -> 0
A30: RMG06 | B30: NIL | D30: 0 | E30: 0 | G30: NIL | H30: 0 | I30: 0 | K30: SLOW MOTION | L30: 0.048611111 | M30: 1 | O30: =SUM(D30+H30+L30) -> 0.048611111 | P30: =E30+I30+M30 -> 1
A31: RMG07 | B31: NIL | D31: 0 | E31: 0 | G31: NIL | H31: 0 | I31: 0 | K31: NIL | L31: 0 | M31: 0 | O31: =SUM(D31+H31+L31) -> 0 | P31: =E31+I31+M31 -> 0
A32: RMG08 | B32: NIL | D32: 0 | E32: 0 | G32: NIL | H32: 0 | I32: 0 | K32: NIL | L32: 0 | M32: 0 | O32: =SUM(D32+H32+L32) -> 0 | P32: =E32+I32+M32 -> 0
A33: RMG09 | B33: NIL | D33: 0 | E33: 0 | G33: NIL | H33: 0 | I33: 0 | K33: NIL | L33: 0 | M33: 0 | O33: =SUM(D33+H33+L33) -> 0 | P33: =E33+I33+M33 -> 0
A34: RMG10 | B34: NIL | D34: 0 | E34: 0 | G34: NIL | H34: 0 | I34: 0 | K34: NIL | L34: 0 | M34: 0 | O34: =SUM(D34+H34+L34) -> 0 | P34: =E34+I34+M34 -> 0
A35: RMG2-11 | B35: NIL | D35: 0 | E35: 0 | G35: NIL | H35: 0 | I35: 0 | K35: NIL | L35: 0 | M35: 0 | O35: =SUM(D35+H35+L35) -> 0 | P35: =E35+I35+M35 -> 0
A36: RMG2-12 | B36: NIL | D36: 0 | E36: 0 | G36: NIL | H36: 0 | I36: 0 | K36: NIL | L36: 0 | M36: 0 | O36: =SUM(D36+H36+L36) -> 0 | P36: =E36+I36+M36 -> 0
A37: TOTAL DOWN TIME PER SHIFT | D37: =SUM(D29:D36) -> 0.33333333 | H37: =SUM(H29:H36) -> 0.33333333 | L37: =SUM(L29:L36) -> 0.38194444 | M37: 0 | O37: =SUM(O29:O36) -> 1.0486111
C38: =C5 -> KOMBE | G38: =G5 -> AMUTI | K38: =K5 -> NDIRANGU | O38: =O37*60 -> 62.916667

Sheet RTG&HARBOUR FAULTS
B1: KENYA PORTS AUTHORITY
B2: CONTAINER TERMINAL ENGINEERING RTG FAULTS AND DOWNTIME - | G2: 0700HRS
B3: ='OTHER REPORTS'!A3 -> TUESDAY 21ST OCTOBER 2025
B4: FIRST SHIFT | F4: SECOND SHIFT | J4: THIRD SHIFT | N4: TOTAL DOWNTIME PER EQUIPMENT | O4: TOTAL NO. OF CALLS PER DAY
A5: INCHARGE | B5: ='STS RMG FAULTS'!C5 -> KOMBE | F5: ='STS RMG FAULTS'!G5 -> AMUTI | J5: ='STS RMG FAULTS'!K5 -> NDIRANGU
A6: 61 | B6: TERMINAL 1 | C6: 23 | F6: TERMINAL 1 | G6: 23 | J6: TERMINAL 1 | K6: 22
B7: TERMINAL 2 | C7: 21 | F7: TERMINAL 2 | G7: 21 | J7: TERMINAL 2 | K7: 21
A8: 1 | B8: MOBILE HARBOUR CRANE | C8: 2 | F8: MOBILE HARBOUR CRANE | G8: 2 | J8: MOBILE HARBOUR CRANE | K8: 2
A9: EQUIPMENT | B9: FAULT(S) | C9: DOWNTIME | D9: NO. OF CALLS | F9: FAULT(S) | G9: DOWNTIME | H9: NO. OF CALLS | J9: FAULT(S) | K9: DOWNTIME | L9: NO. OF CALLS
A10: RTG12 | B10: NIL | C10: 0 | D10: 0 | F10: NIL | G10: 0 | H10: 0 | J10: NIL | K10: 0 | L10: 0 | N10: =SUM(C10+G10+K10) -> 0 | O10: =D10+H10+L10 -> 0
A11: RTG13 | B11: NIL | C11: 0 | D11: 0 | F11: NIL | G11: 0 | H11: 0 | I11: 0 | J11: NIL | K11: 0 | L11: 0 | N11: =SUM(C11+G11+K11) -> 0 | O11: =D11+H11+L11 -> 0
A12: RTG14 | B12: NIL | C12: 0 | D12: 0 | F12: NIL | G12: 0 | H12: 0 | J12: NIL | K12: 0 | L12: 0 | N12: =SUM(C12+G12+K12) -> 0 | O12: =D12+H12+L12 -> 0
A13: RTG15 | B13: NIL | C13: 0 | D13: 0 | F13: NIL | G13: 0 | H13: 0 | J13: NIL | K13: 0 | L13: 0 | N13: =SUM(C13+G13+K13) -> 0 | O13: =D13+H13+L13 -> 0
A14: RTG16 | B14: NIL | C14: 0 | D14: 0 | F14: NIL | G14: 0 | H14: 0 | J14: NIL | K14: 0 | L14: 0 | N14: =SUM(C14+G14+K14) -> 0 | O14: =D14+H14+L14 -> 0
A15: RTG17 | B15: NIL | C15: 0 | D15: 0 | F15: NIL | G15: 0 | H15: 0 | J15: NIL | K15: 0 | L15: 0 | N15: =SUM(C15+G15+K15) -> 0 | O15: =D15+H15+L15 -> 0
A16: RTG18 | B16: TRAVELLING.OUT | C16: 0.33333333 | D16: 0 | F16: OUT | G16: 0.33333333 | H16: 0 | J16: OUT | K16: 0.33333333 | L16: 0 | N16: =SUM(C16+G16+K16) -> 1 | O16: =D16+H16+L16 -> 0
A17: RTG19 | B17: REHABILITATION.OUT | C17: 0 | D17: 0 | F17: OUT | G17: 0 | H17: 0 | J17: OUT | K17: 0 | L17: 0 | N17: =SUM(C17+G17+K17) -> 0 | O17: =D17+H17+L17 -> 0
A18: RTG20 | B18: TROLLEY-OUT | C18: 0.33333333 | D18: 0 | F18: OUT | G18: 0.33333333 | H18: 0 | J18: OUT | K18: 0.33333333 | L18: 0 | N18: =SUM(C18+G18+K18) -> 1 | O18: =D18+H18+L18 -> 0
A19: RTG21 | B19: NIL | C19: 0 | D19: 0 | F19: NIL | G19: 0 | H19: 0 | J19: NIL | K19: 0 | L19: 0 | N19: =SUM(C19+G19+K19) -> 0 | O19: =D19+H19+L19 -> 0
A20: RTG22 | B20: ENGINE STARTING-OUT | C20: 0.33333333 | D20: 0 | F20: OUT | G20: 0.33333333 | H20: 0 | J20: OUT | K20: 0.33333333 | L20: 0 | N20: =SUM(C20+G20+K20) -> 1 | O20: =D20+H20+L20 -> 0
A21: RTG23 | B21: ENGINE STARTING-OUT | C21: 0.33333333 | D21: 0 | F21: OUT | G21: 0.33333333 | H21: 0 | J21: OUT | K21: 0.33333333 | L21: 0 | N21: =SUM(C21+G21+K21) -> 1 | O21: =D21+H21+L21 -> 0
A22: RTG24 | B22: LOW TYRE PRESSURE | C22: 0.14583333 | D22: 1 | F22: NIL | G22: 0 | H22: 0 | J22: NIL | K22: 0 | L22: 0 | M22: 1 | N22: =SUM(C22+G22+K22) -> 0.14583333 | O22: =D22+H22+L22 -> 1
A23: RTG25 | B23: NIL | C23: 0 | D23: 0 | F23: NIL | G23: 0 | H23: 0 | J23: NIL | K23: 0 | L23: 0 | N23: =SUM(C23+G23+K23) -> 0 | O23: =D23+H23+L23 -> 0
A24: RTG26 | B24: NIL | C24: 0 | D24: 0 | F24: NIL | G24: 0 | H24: 0 | J24: NIL | K24: 0 | L24: 0 | N24: =SUM(C24+G24+K24) -> 0 | O24: =D24+H24+L24 -> 0
A25: RTG27 | B25: ENGINE STARTING | C25: 0.013888889 | D25: 1 | F25: NIL | G25: 0 | H25: 0 | J25: DIESEL LEAKAGE/ LOCK SIGNAL | K25: 0.017361111 | L25: 2 | N25: =SUM(C25+G25+K25) -> 0.03125 | O25: =D25+H25+L25 -> 3
A26: RTG28 | B26: NIL | C26: 0 | D26: 0 | F26: NIL | G26: 0 | H26: 0 | J26: ACCIDENT-STEERED INTO CONTAINERS-OUT@ 0120HRS | K26: 0.23611111 | L26: 1 | N26: =SUM(C26+G26+K26) -> 0.23611111 | O26: =D26+H26+L26 -> 1
A27: RTG29 | B27: NIL | C27: 0 | D27: 0 | F27: NIL | G27: 0 | H27: 0 | J27: NIL | K27: 0 | L27: 0 | N27: =SUM(C27+G27+K27) -> 0 | O27: =D27+H27+L27 -> 0
A28: RTG30 | B28: HOIST DRIVE -OUT | C28: 0.33333333 | D28: 0 | F28: OUT | G28: 0.33333333 | H28: 0 | J28: OUT | K28: 0.33333333 | L28: 0 | N28: =SUM(C28+G28+K28) -> 1 | O28: =D28+H28+L28 -> 0
A29: RTG31 | B29: GANTRY MOTOR SHORT CCT FLT -OUT | C29: 0.33333333 | D29: 0 | F29: OUT | G29: 0.33333333 | H29: 0 | J29: OUT | K29: 0.33333333 | L29: 0 | N29: =SUM(C29+G29+K29) -> 1 | O29: =D29+H29+L29 -> 0
A30: RTG32 | B30: NIL | C30: 0 | D30: 0 | F30: NIL | G30: 0 | H30: 0 | J30: NIL | K30: 0 | L30: 0 | N30: =SUM(C30+G30+K30) -> 0 | O30: =D30+H30+L30 -> 0
A31: RTG33 | B31: GENERATOR VIBRATIONS.OUT | C31: 0.33333333 | D31: 0 | F31: OUT | G31: 0.33333333 | H31: 0 | J31: OUT | K31: 0.33333333 | L31: 0 | N31: =SUM(C31+G31+K31) -> 1 | O31: =D31+H31+L31 -> 0
A32: RTG34 | B32: NIL | C32: 0 | D32: 0 | E32: 1 | F32: NIL | G32: 0 | H32: 0 | J32: NIL | K32: 0 | L32: 0 | N32: =SUM(C32+G32+K32) -> 0 | O32: =D32+H32+L32 -> 0
A33: RTG35 | B33: ACCIDENTCABLE VANDALISED - OUT | C33: 0.33333333 | D33: 0 | F33: OUT | G33: 0.33333333 | H33: 0 | J33: OUT | K33: 0.33333333 | L33: 0 | N33: =SUM(C33+G33+K33) -> 1 | O33: =D33+H33+L33 -> 0
A34: RTG36 | B34: NIL | C34: 0 | D34: 0 | F34: NIL | G34: 0 | H34: 0 | J34: NIL | K34: 0 | L34: 0 | N34: =SUM(C34+G34+K34) -> 0 | O34: =D34+H34+L34 -> 0
A35: RTG37 | B35: NIL | C35: 0 | D35: 0 | F35: NIL | G35: 0 | H35: 0 | J35: NIL | K35: 0 | L35: 0 | N35: =SUM(C35+G35+K35) -> 0 | O35: =D35+H35+L35 -> 0
A36: RTG38 | B36: NIL | C36: 0 | D36: 0 | F36: LOCK SIGNAL | G36: 0.03125 | H36: 1 | J36: NIL | K36: 0 | L36: 0 | N36: =SUM(C36+G36+K36) -> 0.03125 | O36: =D36+H36+L36 -> 1
A37: RTG39 | B37: ENGINE STARTING/CABLES VANDALISED-OUT | C37: 0.33333333 | D37: 0 | F37: OUT | G37: 0.33333333 | H37: 0 | J37: OUT | K37: 0.33333333 | L37: 0 | N37: =SUM(C37+G37+K37) -> 1 | O37: =D37+H37+L37 -> 0
A38: RTG41 | B38: CONTROL ON | C38: 0.0069444444 | D38: 1 | E38: 1 | F38: STARTING | G38: 0.024305556 | H38: 1 | J38: NIL | K38: 0 | L38: 0 | M38: 0 | N38: =SUM(C38+G38+K38) -> 0.03125 | O38: =D38+H38+L38 -> 2
A39: RTG42 | B39: NIL | C39: 0 | D39: 0 | F39: NIL | G39: 0 | H39: 0 | J39: NIL | K39: 0 | L39: 0 | N39: =SUM(C39+G39+K39) -> 0 | O39: =D39+H39+L39 -> 0
A40: RTG44 | B40: NIL | C40: 0 | D40: 0 | F40: NIL | G40: 0 | H40: 0 | J40: NIL | K40: 0 | L40: 0 | N40: =SUM(C40+G40+K40) -> 0 | O40: =D40+H40+L40 -> 0
A41: RTG45 | B41: STEERING -OUT | C41: 0.33333333 | D41: 0 | F41: OUT | G41: 0.33333333 | H41: 0 | J41: OUT | K41: 0.33333333 | L41: 0 | N41: =SUM(C41+G41+K41) -> 1 | O41: =D41+H41+L41 -> 0
A42: RTG2-01 | B42: ENGINE STARTING/SKEW | C42: 0.045138889 | D42: 2 | F42: NIL | G42: 0 | H42: 0 | J42: NIL | K42: 0 | L42: 0 | N42: =SUM(C42+G42+K42) -> 0.045138889 | O42: =D42+H42+L42 -> 2
A43: RTG2-02 | B43: ANTSWAY WIRE ROPE LOOSE | C43: 0.13194444 | D43: 1 | F43: NIL | G43: 0 | H43: 0 | J43: NIL | K43: 0 | L43: 0 | N43: =SUM(C43+G43+K43) -> 0.13194444 | O43: =D43+H43+L43 -> 1
A44: RTG2-03 | B44: NIL | C44: 0 | D44: 0 | F44: NIL | G44: 0 | H44: 0 | J44: NIL | K44: 0 | L44: 0 | N44: =SUM(C44+G44+K44) -> 0 | O44: =D44+H44+L44 -> 0
A45: RTG2-04 | B45: NIL | C45: 0 | D45: 0 | F45: SKEWING FAULT | G45: 0.020833333 | H45: 1 | J45: NIL | K45: 0 | L45: 0 | N45: =SUM(C45+G45+K45) -> 0.020833333 | O45: =D45+H45+L45 -> 1
A46: RTG2-05 | B46: NIL | C46: 0 | D46: 0 | F46: NIL | G46: 0 | H46: 0 | J46: NIL | K46: 0 | L46: 0 | N46: =SUM(C46+G46+K46) -> 0 | O46: =D46+H46+L46 -> 0
A47: RTG2-06 | B47: STARTING-OUT | C47: 0.33333333 | D47: 0 | F47: OUT | G47: 0.33333333 | H47: 0 | J47: OUT | K47: 0.33333333 | L47: 0 | N47: =SUM(C47+G47+K47) -> 1 | O47: =D47+H47+L47 -> 0
A48: RTG2-07 | B48: GENERATOR FAULT-OUT | C48: 0.33333333 | D48: 0.045138889 | F48: OUT | G48: 0.33333333 | H48: 0 | J48: OUT | K48: 0.33333333 | L48: 0 | N48: =SUM(C48+G48+K48) -> 1 | O48: =D48+H48+L48 -> 0.045138889
A49: RTG2-08 | B49: ACCIDENT-OUT | C49: 0.33333333 | D49: 0 | F49: OUT | G49: 0.33333333 | H49: 0 | J49: OUT | K49: 0.33333333 | L49: 0 | N49: =SUM(C49+G49+K49) -> 1 | O49: =D49+H49+L49 -> 0
A50: RTG2-09 | B50: NIL | C50: 0 | D50: 0 | F50: NIL | G50: 0 | H50: 0 | J50: NIL | K50: 0 | L50: 0 | N50: =SUM(C50+G50+K50) -> 0 | O50: =D50+H50+L50 -> 0
A51: RTG2-10 | B51: NO ALTERNATOR VOLTAGE-OUT | C51: 0.33333333 | D51: 0 | F51: OUT | G51: 0.33333333 | H51: 0 | J51: OUT | K51: 0.33333333 | L51: 0 | N51: =SUM(C51+G51+K51) -> 1 | O51: =D51+H51+L51 -> 0
A52: RTG2-11 | B52: NIL | C52: 0 | D52: 0 | E52: 1 | F52: NIL | G52: 0 | H52: 0 | J52: NIL | K52: 0 | L52: 0 | N52: =SUM(C52+G52+K52) -> 0 | O52: =D52+H52+L52 -> 0
A53: RTG2-12 | B53: NIL | C53: 0 | D53: 0 | F53: NIL | G53: 0 | H53: 0 | J53: ENGINE STARTING | K53: 0.020833333 | L53: 1 | N53: =SUM(C53+G53+K53) -> 0.020833333 | O53: =D53+H53+L53 -> 1
A54: RTG2-13 | B54: NIL | C54: 0 | D54: 0 | F54: NIL | G54: 0 | H54: 0 | J54: NIL | K54: 0 | L54: 0 | N54: =SUM(C54+G54+K54) -> 0 | O54: =D54+H54+L54 -> 0
A55: RTG2-14 | B55: NIL | C55: 0 | D55: 0 | F55: NIL | G55: 0 | H55: 0 | J55: LOCK SIGNAL | K55: 0.010416667 | L55: 1 | N55: =SUM(C55+G55+K55) -> 0.010416667 | O55: =D55+H55+L55 -> 1
A56: RTG2-15 | B56: NIL | C56: 0 | D56: 0 | F56: NIL | G56: 0 | H56: 0 | J56: NIL | K56: 0 | L56: 0 | N56: =SUM(C56+G56+K56) -> 0 | O56: =D56+H56+L56 -> 0
A57: RTG2-16 | B57: NIL | C57: 0 | D57: 0 | F57: NIL | G57: 0 | H57: 0 | J57: NIL | K57: 0 | L57: 0 | N57: =SUM(C57+G57+K57) -> 0 | O57: =D57+H57+L57 -> 0
A58: RTG2-17 | B58: NIL | C58: 0 | D58: 0 | F58: NIL | G58: 0 | H58: 0 | J58: NIL | K58: 0 | L58: 0 | N58: =SUM(C58+G58+K58) -> 0 | O58: =D58+H58+L58 -> 0
A59: RTG2-18 | B59: NIL | C59: 0 | D59: 0 | F59: NIL | G59: 0 | H59: 0 | J59: NIL | K59: 0 | L59: 0 | N59: =SUM(C59+G59+K59) -> 0 | O59: =D59+H59+L59 -> 0
A60: RTG2-19 | B60: NIL | C60: 0 | D60: 0 | F60: NIL | G60: 0 | H60: 0 | J60: NIL | K60: 0 | L60: 0 | N60: =SUM(C60+G60+K60) -> 0 | O60: =D60+H60+L60 -> 0
A61: RTG2-20 | B61: ACCIDENT-SPD LOCK MOTOR FAULT-OUT | C61: 0.33333333 | D61: 0 | F61: OUT | G61: 0.33333333 | H61: 0 | J61: OUT | K61: 0.33333333 | L61: 0 | N61: =SUM(C61+G61+K61) -> 1 | O61: =D61+H61+L61 -> 0
A62: RTG2-21 | B62: NIL | C62: 0 | D62: 0 | F62: NIL | G62: 0 | H62: 0 | J62: NIL | K62: 0 | L62: 0 | N62: =SUM(C62+G62+K62) -> 0 | O62: =D62+H62+L62 -> 0
A63: RTG2-22 | B63: BATTERY FAULT-OUT | C63: 0.33333333 | D63: 0 | F63: OUT | G63: 0.33333333 | H63: 0 | J63: OUT | K63: 0.33333333 | L63: 0 | N63: =SUM(C63+G63+K63) -> 1 | O63: =D63+H63+L63 -> 0
A64: RTG2-24 | B64: NIL | C64: 0 | D64: 0 | F64: NIL | G64: 0 | H64: 0 | J64: ECCENTRIC OVERLOAD | K64: 0.010416667 | L64: 1 | N64: =SUM(C64+G64+K64) -> 0.010416667 | O64: =D64+H64+L64 -> 1
... A70: RTG2-30 | B70: NIL | C70: 0 | D70: 0 | F70: NIL | G70: 0 | H70: 0 | J70: ECCENTRIC OVERLOAD | K70: 0.010416667 | L70: 1 | N70: =SUM(C70+G70+K70) -> 0.010416667 | O70: =D70+H70+L70 -> 1
A71: TOTAL DOWN TIME PER SHIFT | C71: =SUM(C10:C57) -> 5.0104167 | G71: =SUM(G10:G57) -> 4.7430556 | K71: =SUM(K10:K57) -> 4.9513889
B72: =B80 -> KOMBE | F72: =F80 -> WAITHAKA | J72: =J5 -> NDIRANGU | N72: =SUM(N10:N66) -> 16.739583
A75: MHC201 | B75: NIL | C75: 0 | D75: 0 | F75: SWIVEL ROTATION FAULT | G75: 0.020833333 | H75: 1 | J75: NIL | K75: 0 | L75: 0 | N75: =SUM(C75+G75+K75) -> 0.020833333 | O75: =D75+H75+L75 -> 1
A76: MHC202 | B76: ACCIDENT.OUT | C76: 0.33333333 | D76: 0 | F76: OUT | G76: 0.33333333 | H76: 0 | J76: OUT | K76: 0.33333333 | L76: 0 | N76: =SUM(C76+G76+K76) -> 1 | O76: =D76+H76+L76 -> 0
A77: MHC203 | B77: REFUBISHMENT-OUT | C77: 0 | D77: 0 | F77: OUT | G77: 0 | H77: 0 | J77: OUT | K77: 0 | L77: 0 | N77: =SUM(C77+G77+K77) -> 0 | O77: =D77+H77+L77 -> 0
A78: MHC204 | B78: NIL | C78: 0 | D78: 0 | F78: NIL | G78: 0 | H78: 0 | J78: NIL | K78: 0 | L78: 0 | N78: =SUM(C78+G78+K78) -> 0 | O78: =D78+H78+L78 -> 0
A79: TOTAL DOWN TIME PER SHIFT | C79: =SUM(C75:C78) -> 0.33333333 | G79: =SUM(G75:G78) -> 0.35416667 | K79: =SUM(K75:K78) -> 0.33333333 | N79: =SUM(N75:N78) -> 1.0208333
B80: KOMBE | F80: WAITHAKA | J80: NDIRANGU

Sheet CONTAINER HANDLERS FAULTS
C1: KENYA PORTS AUTHORITY | N1: 1 | FDV1: A1
C2: CONTAINER TERMINAL REACHSTACKERS AND EMPTY CONTAINER HANDLERS FAULTS AND DOWNTIME
B3: ='OTHER REPORTS'!A3 -> TUESDAY 21ST OCTOBER 2025
C4: FIRST SHIFT | G4: SECOND SHIFT | K4: THIRD SHIFT | O4: TOTAL DOWNTIME PER EQUIPMENT | P4: TOTAL NO. OF CALLS PER DAY
A5: INCHARGE | C5: ='STS RMG FAULTS'!C5 -> KOMBE | G5: ='STS RMG FAULTS'!G5 -> AMUTI | K5: ='STS RMG FAULTS'!K5 -> NDIRANGU
A6: AVAILED SHIFT @ END | B6: R/S | C6: 10 | G6: 10 | K6: 10
B7: ECH | C7: TERMINAL 1 | D7: 7 | G7: TERMINAL 1 | H7: 7 | K7: TERMINAL 1 | L7: 7
C8: TERMINAL 2 | D8: 7 | G8: TERMINAL 2 | H8: 7 | K8: TERMINAL 2 | L8: 6
A9: EQUIPMENT | D9: DOWNTIME | E9: NO. OF CALLS | G9: FAULT(S) | H9: DOWNTIME | I9: NO. OF CALLS | K9: FAULT(S) | L9: DOWNTIME | M9: NO. OF CALLS
A10: HK39 | B10: RADIATOR LEAKAGES -OUT | D10: 0.33333333 | E10: 0 | G10: OUT | H10: 0.33333333 | I10: 0 | K10: OUT | L10: 0.33333333 | M10: 0 | O10: =SUM(D10+H10+L10) -> 1 | P10: =E10+I10+M10 -> 0
A11: HK40 | B11: HYD OIL LEAKAGE | D11: 0.079861111 | E11: 1 | G11: NIL | H11: 0 | I11: 0 | K11: NIL | L11: 0 | M11: 0 | O11: =SUM(D11+H11+L11) -> 0.079861111 | P11: =E11+I11+M11 -> 1
A12: HK41 | B12: COMMUNICATION - OUT | D12: 0.33333333 | E12: 0 | G12: OUT | H12: 0.33333333 | I12: 0 | K12: OUT | L12: 0.33333333 | M12: 0 | O12: =SUM(D12+H12+L12) -> 1 | P12: =E12+I12+M12 -> 0
A13: HK42 | B13: NIL | D13: 0 | E13: 0 | G13: NIL | H13: 0 | I13: 0 | K13: NIL | L13: 0 | M13: 0 | O13: =SUM(D13+H13+L13) -> 0 | P13: =E13+I13+M13 -> 0
A14: HK43 | B14: NIL | D14: 0 | E14: 0 | G14: NIL | H14: 0 | I14: 0 | K14: NIL | L14: 0 | M14: 0 | O14: =SUM(D14+H14+L14) -> 0 | P14: =E14+I14+M14 -> 0
A15: HK44 | B15: ENGINE OVERHEATING-OUT | D15: 0.33333333 | E15: 0 | G15: OUT | H15: 0.33333333 | I15: 0 | K15: OUT | L15: 0.33333333 | M15: 0 | O15: =SUM(D15+H15+L15) -> 1 | P15: =E15+I15+M15 -> 0
A16: HK45 | B16: STEERING CYLINDER PIN OFF-OUT | D16: 0.33333333 | E16: 0 | G16: OUT | H16: 0.33333333 | I16: 0 | K16: OUT | L16: 0.33333333 | M16: 0 | O16: =SUM(D16+H16+L16) -> 1 | P16: =E16+I16+M16 -> 0
A17: HK46 | B17: TRANSMISSION FAULT.OUT | D17: 0.33333333 | E17: 0 | G17: OUT | H17: 0.33333333 | I17: 0 | K17: OUT | L17: 0.33333333 | M17: 0 | O17: =SUM(D17+H17+L17) -> 1 | P17: =E17+I17+M17 -> 0
A18: HK48 | B18: NIL | D18: 0 | E18: 0 | G18: NIL | H18: 0 | I18: 0 | K18: NIL | L18: 0 | M18: 0 | O18: =SUM(D18+H18+L18) -> 0 | P18: =E18+I18+M18 -> 0
A19: HK49 | B19: GEAR FAULT-OUT | D19: 0.33333333 | E19: 0 | G19: OUT | H19: 0.33333333 | I19: 0 | K19: OUT | L19: 0.33333333 | M19: 0 | O19: =SUM(D19+H19+L19) -> 1 | P19: =E19+I19+M19 -> 0
A20: HK50 | B20: NIL | D20: 0 | E20: 0 | G20: NIL | H20: 0 | I20: 0 | K20: NIL | L20: 0 | M20: 0 | O20: =SUM(D20+H20+L20) -> 0 | P20: =E20+I20+M20 -> 0
A21: HK52 | B21: NIL | D21: 0 | E21: 0 | G21: NIL | H21: 0 | I21: 0 | K21: NIL | L21: 0 | M21: 0 | O21: =SUM(D21+H21+L21) -> 0 | P21: =E21+I21+M21 -> 0
... A23: HK54 | B23: STARTING-READY AT 1230HRS | D23: 0.22916667 | E23: 0 | G23: STARTING | H23: 0.041666667 | I23: 1 | K23: STEERING PROBLEM-OUT@ 2350HRS | L23: 0.29861111 | M23: 1 | O23: =SUM(D23+H23+L23) -> 0.56944444 | P23: =E23+I23+M23 -> 2
A24: HK55 | B24: NIL | D24: 0 | E24: 0 | G24: NIL | H24: 0 | I24: 0 | K24: NIL | L24: 0 | M24: 0 | N24: 1 | O24: =SUM(D24+H24+L24) -> 0 | P24: =E24+I24+M24 -> 0
A25: HK56 | B25: NIL | D25: 0 | E25: 0 | G25: NIL | H25: 0 | I25: 0 | K25: NIL | L25: 0 | M25: 0 | O25: =SUM(D25+H25+L25) -> 0 | P25: =E25+I25+M25 -> 0
A26: HK57 | B26: SPD LOCK PIN -OUT | D26: 0.33333333 | E26: 0 | G26: OUT | H26: 0.33333333 | I26: 0 | K26: OUT | L26: 0.33333333 | M26: 0 | O26: =SUM(D26+H26+L26) -> 1 | P26: =E26+I26+M26 -> 0
A27: HH33 | B27: GEAR FAULT-OUT | D27: 0.33333333 | E27: 0 | G27: OUT | H27: 0.33333333 | I27: 0 | K27: OUT | L27: 0.33333333 | M27: 0 | O27: =SUM(D27+H27+L27) -> 1 | P27: =E27+I27+M27 -> 0
A28: HH35 | B28: NO MOTIONS-OUT | D28: 0.33333333 | E28: 0 | G28: OUT | H28: 0.33333333 | I28: 0 | K28: OUT | L28: 0.33333333 | M28: 0 | O28: =SUM(D28+H28+L28) -> 1 | P28: =E28+I28+M28 -> 0
D29: 0 | E29: 0 | H29: =SUM(H7:H8) -> 14 | I29: 0 | K29: NIL | M29: 0 | O29: =SUM(D29+H29+L29) -> 14 | P29: =E29+I29+M29 -> 0
A30: TOTAL DOWN TIME PER SHIFT | D30: =SUM(D10:D28) -> 3.3090278 | H30: =SUM(H10:H28) -> 3.0416667 | L30: =SUM(L10:L28) -> 3.2986111 | O30: =SUM(O10:O28) -> 9.6493056
A31: ECH07 | B31: REVERSE GEAR FAULT-OUT | D31: 0.33333333 | E31: 0 | G31: OUT | H31: 0.33333333 | I31: 0 | K31: OUT | L31: 0.33333333 | M31: 0 | O31: =SUM(D31+H31+L31) -> 1 | P31: =E31+I31+M31 -> 0
A32: ECH09 | B32: LOW ENGINE POWER-OUT | D32: 0.33333333 | E32: 0 | G32: OUT | H32: 0.33333333 | I32: 0 | K32: OUT | L32: 0.33333333 | M32: 0 | O32: =SUM(D32+H32+L32) -> 1 | P32: =E32+I32+M32 -> 0
A33: ECH12 | B33: NIL | D33: 0 | E33: 0 | G33: NIL | H33: 0 | I33: 0 | K33: NIL | L33: 0 | M33: 0 | O33: =SUM(D33+H33+L33) -> 0 | P33: =E33+I33+M33 -> 0
A34: ECH14 | B34: LOCK SIGNAL -OUT | D34: 0.33333333 | E34: 0 | G34: OUT | H34: 0.33333333 | I34: 0 | K34: OUT | L34: 0.33333333 | M34: 0 | O34: =SUM(D34+H34+L34) -> 1 | P34: =E34+I34+M34 -> 0
A35: ECH17 | B35: COMMUNICATION/ ENGINE STARTING -OUT | D35: 0.33333333 | E35: 0 | G35: OUT | H35: 0.33333333 | I35: 0 | K35: OUT | L35: 0.33333333 | M35: 0 | O35: =SUM(D35+H35+L35) -> 1 | P35: =E35+I35+M35 -> 0
A36: ECH18 | B36: BRAKE OIL LEAK - OUT | D36: 0.33333333 | E36: 0 | G36: OUT | H36: 0.33333333 | I36: 0 | K36: OUT | L36: 0.33333333 | M36: 0 | O36: =SUM(D36+H36+L36) -> 1 | P36: =E36+I36+M36 -> 0
A37: ECH19 | B37: NIL | D37: 0 | E37: 0 | G37: NIL | H37: 0 | I37: 0 | K37: NIL | L37: 0 | M37: 0 | O37: =SUM(D37+H37+L37) -> 0 | P37: =E37+H37+M37 -> 0
A38: ECH20 | B38: CAN BUS-OUT | D38: 0.33333333 | E38: 0 | G38: OUT | H38: 0.33333333 | I38: 0 | K38: OUT | L38: 0.33333333 | M38: 0 | O38: =SUM(D38+H38+L38) -> 1 | P38: =E38+I38+M38 -> 0
A39: ECH21 | B39: NIL | D39: 0 | E39: 0 | G39: NIL | H39: 0 | I39: 0 | K39: NIL | L39: 0 | M39: 0 | O39: =SUM(D39+H39+L39) -> 0 | P39: =E39+I39+M39 -> 0
A40: ECH22 | B40: LOCK SIGNAL | D40: 0.010416667 | E40: 1 | G40: NIL | H40: 0 | I40: 0 | K40: NIL | L40: 0 | M40: 0 | O40: =SUM(D40+H40+L40) -> 0.010416667 | P40: =E40+I40+M40 -> 1
A41: ECH23 | B41: NIL | D41: 0 | E41: 0 | G41: NIL | H41: 0 | I41: 0 | K41: LOW BATTERY-OUT@0610HRS | L41: 0.034722222 | M41: 1 | O41: =SUM(D41+H41+L41) -> 0.034722222 | P41: =E41+I41+M41 -> 1
A42: ECH24 | B42: BOOM LENGTH SENSOR-OUT | D42: 0.33333333 | E42: 0 | G42: OUT | H42: 0.33333333 | I42: 0 | K42: OUT | L42: 0.33333333 | M42: 0 | O42: =SUM(D42+H42+L42) -> 1 | P42: =E42+I42+M42 -> 0
A43: ECH25 | B43: NIL | D43: 0 | E43: 0 | G43: NIL | H43: 0 | I43: 0 | K43: NIL | L43: 0 | M43: 0 | O43: =SUM(D43+H43+L43) -> 0 | P43: =E43+I43+M43 -> 0
A44: ECH26 | B44: NIL | D44: 0 | E44: 0 | G44: NIL | H44: 0 | I44: 0 | K44: NIL | L44: 0 | M44: 0 | O44: =SUM(D44+H44+L44) -> 0 | P44: =E44+I44+M44 -> 0
A45: ECH27 | B45: NIL | D45: 0 | E45: 0 | G45: NIL | H45: 0 | I45: 0 | K45: NIL | L45: 0 | M45: 0 | O45: =SUM(D45+H45+L45) -> 0 | P45: =E45+I45+M45 -> 0
A46: ECH28 | B46: NIL | D46: 0 | E46: 0 | G46: NIL | H46: 0 | I46: 0 | K46: NIL | L46: 0 | M46: 0 | O46: =SUM(D46+H46+L46) -> 0 | P46: =E46+I46+M46 -> 0
A47: ECH29 | B47: NIL | D47: 0 | E47: 0 | G47: NIL | H47: 0 | I47: 0 | K47: NIL | L47: 0 | M47: 0 | O47: =SUM(D47+H47+L47) -> 0 | P47: =E47+I47+M47 -> 0
A48: ECH30 | B48: NIL | D48: 0 | E48: 0 | G48: NIL | H48: 0 | I48: 0 | K48: NIL | L48: 0 | M48: 0 | O48: =SUM(D48+H48+L48) -> 0 | P48: =E48+I48+M48 -> 0
A49: ECH31 | B49: NIL | D49: 0 | E49: 0 | G49: NIL | H49: 0 | I49: 0 | K49: NIL | L49: 0 | M49: 0 | O49: =SUM(D49+H49+L49) -> 0 | P49: =E49+I49+M49 -> 0
... A51: ECH33 | B51: NIL | D51: 0 | E51: 0 | G51: NIL | H51: 0 | I51: 0 | K51: NIL | L51: 0 | M51: 0 | O51: =SUM(D51+H51+L51) -> 0 | P51: =E51+I51+M51 -> 0
A52: TOTAL DOWN TIME PER SHIFT | B52: =C5 -> KOMBE | D52: =SUM(D31:D51) -> 2.34375 | G52: =G5 -> AMUTI | H52: =SUM(H31:H51) -> 2.3333333 | K52: =K5 -> NDIRANGU | L52: =SUM(L31:L51) -> 2.3680556 | O52: =SUM(O31:O51) -> 7.0451389
K60: S

Sheet TERMINAL TRACTORS
A1: CONTAINER TERMINAL ENGINEERING TERMINAL TRACTORS & TRAILERS FAULTS AND DOWNTIME
B2: ='OTHER REPORTS'!A3 -> TUESDAY 21ST OCTOBER 2025
B3: FIRST SHIFT | F3: SECOND SHIFT | J3: THIRD SHIFT
A4: INCHARGE | B4: ='STS RMG FAULTS'!C5 -> KOMBE | F4: ='STS RMG FAULTS'!G5 -> AMUTI | J4: ='STS RMG FAULTS'!K5 -> NDIRANGU
A5: AVAILED PER SHIFT | C5: AVAILABLE | D5: B/DOWN | G5: AVAILABLE | H5: B/DOWN | K5: AVAILABLE | L5: B/DOWN | M5: TOTAL DOWNTIME PER EQUIPMENT | N5: TOTAL CALLS
B6: TERMINAL TRACTORS | C6: 86 | D6: =102-C6 -> 16 | G6: 85 | H6: =102-G6 -> 17 | J6: TERMINAL TRACTORS | K6: 85 | L6: =102-K6 -> 17 | M6: =K6 -> 85
B7: TRAILERS | C7: 131 | D7: =(141-C7) -> 10 | F7: TRAILERS | G7: 129 | H7: =(141-G7) -> 12 | J7: TRAILERS | K7: 129 | L7: =(141-K7) -> 12 | M7: =K7 -> 129
A8: TT | B8: FAULT(S) | C8: DOWNTIME | D8: NO. OF CALLS | F8: FAULT(S) | G8: DOWNTIME | H8: NO. OF CALLS | J8: FAULT(S) | K8: DOWNTIME | L8: NO. OF CALLS
A9: MRTT108 | B9: BRAKES -OUT | C9: 0.33333333 | D9: 0 | F9: OUT | G9: 0.33333333 | H9: 0 | J9: OUT | K9: 0.33333333 | L9: 0 | M9: =SUM(C9,G9,K9) -> 1 | N9: =D9+H9+L9 -> 0
A10: MRTT109 | B10: 24V SHORT CIRCUIT -OUT | C10: 0.33333333 | D10: 0 | F10: OUT | G10: 0.33333333 | H10: 0 | J10: OUT | K10: 0.33333333 | L10: 0 | M10: =SUM(C10,G10,K10) -> 1 | N10: =D10+H10+L10 -> 0
A11: MRTT110 | B11: BRAKES -OUT | C11: 0.33333333 | D11: 0 | F11: OUT | G11: 0.33333333 | H11: 0 | J11: OUT | K11: 0.33333333 | L11: 0 | M11: =SUM(C11,G11,K11) -> 1 | N11: =D11+H11+L11 -> 0
A12: MRTT111 | B12: NIL | C12: 0 | D12: 0 | F12: NIL | G12: 0 | H12: 0 | J12: NIL | K12: 0 | L12: 0 | M12: =SUM(C12,G12,K12) -> 0 | N12: =D12+H12+L12 -> 0
A13: MRTT113 | B13: FLY WHEEL RING GEAR FAULT-OUT | C13: 0.33333333 | D13: 0 | F13: OUT | G13: 0.33333333 | H13: 0 | J13: OUT | K13: 0.33333333 | L13: 0 | M13: =SUM(C13,G13,K13) -> 1 | N13: =D13+H13+L13 -> 0
A14: MRTT114 | B14: ACCIDENT-OUT | C14: 0.33333333 | D14: 0 | F14: OUT | G14: 0.33333333 | H14: 0 | J14: OUT | K14: 0.33333333 | L14: 0 | M14: =SUM(C14,G14,K14) -> 1 | N14: =D14+H14+L14 -> 0
A15: MRTT116 | B15: 5TH WHEEL -OUT | C15: 0.33333333 | D15: 0 | F15: OUT | G15: 0.33333333 | H15: 0 | J15: OUT | K15: 0.33333333 | L15: 0 | M15: =SUM(C15,G15,K15) -> 1 | N15: =D15+H15+L15 -> 0
A16: MRTT118 | B16: NIL | C16: 0 | D16: 0 | F16: STEERING HYDRAULIC OIL PIPE LEAKAGE.OUT AT 1515HRS | G16: 0.32291667 | H16: 1 | J16: OUT | K16: 0.33333333 | L16: 0 | M16: =SUM(C16,G16,K16) -> 0.65625 | N16: =D16+H16+L16 -> 1
A17: MRTT121 | B17: FLY WHEEL RING GEAR FAULT- OUT | C17: 0.33333333 | D17: 0 | F17: OUT | G17: 0.33333333 | H17: 0 | J17: OUT | K17: 0.33333333 | L17: 0 | M17: =SUM(C17,G17,K17) -> 1 | N17: =D17+H17+L17 -> 0
A18: MRTT122 | B18: STEERING LOCK -OUT | C18: 0.33333333 | D18: 0 | F18: OUT | G18: 0.33333333 | H18: 0 | J18: OUT | K18: 0.33333333 | L18: 0 | M18: =SUM(C18,G18,K18) -> 1 | N18: =D18+H18+L18 -> 0
A19: MRTT123 | B19: FAULTY REAR BRAKES - OUT | C19: 0.33333333 | D19: 0 | F19: OUT | G19: 0.33333333 | H19: 0 | J19: OUT | K19: 0.33333333 | L19: 0 | M19: =SUM(C19,G19,K19) -> 1 | N19: 0
A20: MRTT124 | B20: FLY WHEEL RING GEAR FAULT- OUT | C20: 0.33333333 | D20: 0 | F20: OUT | G20: 0.33333333 | H20: 0 | J20: OUT | K20: 0.33333333 | L20: 0 | M20: =SUM(C20,G20,K20) -> 1 | N20: =D20+H20+L20 -> 0
A21: KTT191 | B21: FAULTY HYDRAULIC CONTROL VALVE - OUT | C21: 0.33333333 | D21: 0 | F21: OUT | G21: 0.33333333 | H21: 0 | J21: OUT | K21: 0.33333333 | L21: 0 | M21: =SUM(C21,G21,K21) -> 1 | N21: =D21+H21+L21 -> 0
A22: KTT192 | B22: NIL | C22: 0 | D22: 0 | F22: NIL | G22: 0 | H22: 0 | J22: NIL | K22: 0 | L22: 0 | M22: =SUM(C22,G22,K22) -> 0 | N22: =D22+H22+L22 -> 0
A23: KTT193 | B23: 5TH WHEEL -OUT | C23: 0.33333333 | D23: 0 | E23: N | F23: OUT | G23: 0.33333333 | H23: 0 | J23: OUT | K23: 0.33333333 | L23: 0 | M23: =SUM(C23,G23,K23) -> 1 | N23: =D23+H23+L23 -> 0
A24: KTT194 | B24: LEAF SPRING DETACHED-OUT | C24: 0.33333333 | D24: 0 | F24: OUT | G24: 0.33333333 | H24: 0 | J24: OUT | K24: 0.33333333 | L24: 0 | M24: =SUM(C24,G24,K24) -> 1 | N24: =D24+H24+L24 -> 0
A25: KTT197 | B25: FAULTY HYDRAULIC CONTROL VALVE - OUT | C25: 0.33333333 | D25: 0 | E25: 0 | F25: OUT | G25: 0.33333333 | H25: 0 | J25: OUT | K25: 0.33333333 | L25: 0 | M25: =SUM(C25,G25,K25) -> 1 | N25: =D25+H25+L25 -> 0
A26: KTT199 | B26: NIL | C26: 0 | D26: 0 | F26: NIL | G26: 0 | H26: 0 | J26: NIL | K26: 0 | L26: 0 | M26: =SUM(C26,G26,K26) -> 0 | N26: =D26+H26+L26 -> 0
A27: KTT200 | B27: NIL | C27: 0 | D27: 0 | F27: NIL | G27: 0 | H27: 0 | J27: NIL | K27: 0 | L27: 0 | M27: =SUM(C27,G27,K27) -> 0 | N27: =D27+H27+L27 -> 0
A28: KTT202 | B28: NIL | C28: 0 | D28: 0 | F28: NIL | G28: 0 | H28: 0 | J28: NIL | K28: 0 | L28: 0 | M28: =SUM(C28,G28,K28) -> 0 | N28: =D28+H28+L28 -> 0
A29: KTT203 | B29: UNSUAL NOISE -OUT | C29: 0.33333333 | D29: 0 | F29: OUT | G29: 0.33333333 | H29: 0 | J29: OUT | K29: 0.33333333 | L29: 0 | M29: =SUM(C29,G29,K29) -> 1 | N29: =D29+H29+L29 -> 0
A30: KTT204 | B30: NIL | C30: 0 | D30: 0 | F30: NIL | G30: 0 | H30: 0 | J30: NIL | K30: 0 | L30: 0 | M30: =SUM(C30,G30,K30) -> 0 | N30: =D30+H30+L30 -> 0
A31: KTT211 | B31: NIL | C31: 0 | D31: 0 | F31: NIL | G31: 0 | H31: 0 | J31: NIL | K31: 0 | L31: 0 | M31: =SUM(C31,G31,K31) -> 0 | N31: =D31+H31+L31 -> 0
A32: KTT212 | B32: REAR DRIVE AXLE FAULT.OUT | C32: 0.33333333 | D32: 0 | F32: OUT | G32: 0.33333333 | H32: 0 | J32: OUT | K32: 0.33333333 | L32: 0 | M32: =SUM(C32,G32,K32) -> 1 | N32: =D32+H32+L32 -> 0
A33: KTT213 | B33: NIL | C33: 0 | D33: 0 | F33: NIL | G33: 0 | H33: 0 | J33: NIL | K33: 0 | L33: 0 | M33: =SUM(C33,G33,K33) -> 0 | N33: =D33+H33+L33 -> 0
A34: KTT214 | B34: NIL | C34: 0 | D34: 0 | F34: NIL | G34: 0 | H34: 0 | J34: NIL | K34: 0 | L34: 0 | M34: =SUM(C34,G34,K34) -> 0 | N34: =D34+H34+L34 -> 0
A35: KTT215 | B35: NIL | C35: 0 | D35: 0 | F35: NIL | G35: 0 | H35: 0 | J35: NIL | K35: 0 | L35: 0 | M35: =SUM(C35,G35,K35) -> 0 | N35: =D35+H35+L35 -> 0
A36: KTT216 | B36: NIL | C36: 0 | D36: 0 | F36: NIL | G36: 0 | H36: 0 | J36: NIL | K36: 0 | L36: 0 | M36: =SUM(C36,G36,K36) -> 0 | N36: =D36+H36+L36 -> 0
A37: KTT217 | B37: NIL | C37: 0 | D37: 0 | F37: NIL | G37: 0 | H37: 0 | J37: NIL | K37: 0 | L37: 0 | M37: =SUM(C37,G37,K37) -> 0 | N37: =D37+H37+L37 -> 0
... A96: TTT245 | B96: NIL | C96: 0 | D96: 0 | F96: NIL | G96: 0 | H96: 0 | J96: NIL | K96: 0 | L96: 0 | M96: =SUM(C96,G96,K96) -> 0 | N96: =D96+H96+L96 -> 0
A97: TTT247 | B97: NIL | C97: 0 | D97: 0 | F97: NIL | G97: 0 | H97: 0 | J97: NIL | K97: 0 | L97: 0 | M97: =SUM(C97,H97,K97) -> 0 | N97: =D97+H97+L97 -> 0
A98: TTT248 | B98: PARKING BRAKES -OUT | C98: 0.33333333 | D98: 0 | F98: OUT | G98: 0.33333333 | H98: 0 | J98: OUT | K98: 0.33333333 | L98: 0 | M98: =SUM(C98,G98,K98) -> 1 | N98: =D98+H98+L98 -> 0
A99: TTT250 | B99: NIL | C99: 0 | D99: 0 | F99: NIL | G99: 0 | H99: 0 | J99: NIL | K99: 0 | L99: 0 | M99: =SUM(C99,G99,K99) -> 0 | N99: =D99+H99+L99 -> 0
A100: TTT252 | B100: ACCIDENT-OUT | C100: 0.33333333 | D100: 0 | F100: OUT | G100: 0.33333333 | H100: 0 | J100: OUT | K100: 0.33333333 | L100: 0 | M100: =SUM(C100,G100,K100) -> 1 | N100: =D100+H100+L100 -> 0
A101: TTT253 | B101: NIL | C101: 0 | D101: 0 | F101: NIL | G101: 0 | H101: 0 | J101: NIL | K101: 0 | L101: 0 | M101: =SUM(C101,G101,K101) -> 0 | N101: =D101+H101+L101 -> 0
A102: TTT254 | B102: NIL | C102: 0 | D102: 0 | F102: NIL | G102: 0 | H102: 0 | J102: LOW HYDRAULIC OIL | K102: 0.020833333 | L102: 1 | M102: =SUM(C102,G102,K102) -> 0.020833333 | N102: =D102+H102+L102 -> 1
A103: TTT255 | B103: NIL | C103: 0 | D103: 0 | F103: NIL | G103: 0 | H103: 0 | J103: NIL | K103: 0 | L103: 0 | M103: =SUM(C103,G103,K103) -> 0 | N103: =D103+H103+L103 -> 0
A104: TTT256 | B104: NIL | C104: 0 | D104: 0 | F104: NIL | G104: 0 | H104: 0 | J104: NIL | K104: 0 | L104: 0 | M104: =SUM(C104,G104,K104) -> 0 | N104: =D104+H104+L104 -> 0
A105: TTT01-25 | B105: NIL | C105: 0 | D105: 0 | F105: NIL | G105: 0 | H105: 0 | J105: NIL | K105: 0 | L105: 0 | M105: =SUM(C105,G105,K105) -> 0 | N105: =D105+H105+L105 -> 0
A106: TTT02-25 | B106: NIL | C106: 0 | D106: 0 | F106: NIL | G106: 0 | H106: 0 | J106: NIL | K106: 0 | L106: 0 | M106: =SUM(C106,G106,K106) -> 0 | N106: =D106+H106+L106 -> 0
A107: TTT03-25 | B107: NIL | C107: 0 | D107: 0 | F107: NIL | G107: 0 | H107: 0 | J107: NIL | K107: 0 | L107: 0 | M107: =SUM(C107,G107,K107) -> 0 | N107: =D107+H107+L107 -> 0
A108: TTT04-25 | B108: NIL | C108: 0 | D108: 0 | F108: NIL | G108: 0 | H108: 0 | J108: NIL | K108: 0 | L108: 0 | M108: =SUM(C108,G108,K108) -> 0 | N108: =D108+H108+L108 -> 0
A109: TTT05-25 | B109: NIL | C109: 0 | D109: 0 | F109: NIL | G109: 0 | H109: 0 | J109: NIL | K109: 0 | L109: 0 | M109: =SUM(C109,G109,K109) -> 0 | N109: =D109+H109+L109 -> 0
... A124: TTT20-25 | B124: NIL | C124: 0 | D124: 0 | F124: NIL | G124: 0 | H124: 0 | J124: NIL | K124: 0 | L124: 0 | M124: =SUM(C124,G124,K124) -> 0 | N124: =D124+H124+L124 -> 0
C125: =SUM(C9:C124) -> 10.013889 | E125: =SUM(E57:E62) -> 0 | G125: =SUM(G9:G124) -> 10.333333 | I125: =SUM(I57:I62) -> 0 | K125: =SUM(K9:K124) -> 10.375 | N125: =SUM(N9:N104) -> 5
A126: HPS10 | B126: BATTERY FAULT- OUT | C126: 0.33333333 | D126: 0 | F126: BATTERY FAULT- OUT | G126: 0.33333333 | H126: 0 | J126: BATTERY FAULT- OUT | K126: 0.33333333 | L126: 0 | M126: =SUM(C126,G126,K126) -> 1 | N126: =D126+H126+L126 -> 0
A127: HPS11 | B127: BATTERY FAULT- OUT | C127: 0.33333333 | D127: 0 | F127: BATTERY FAULT- OUT | G127: 0.33333333 | H127: 0 | J127: BATTERY FAULT- OUT | K127: 0.33333333 | L127: 0 | M127: =SUM(C127,G127,K127) -> 1 | N127: =D127+H127+L127 -> 0
A128: HPS12 | B128: NIL | C128: 0 | D128: 0 | F128: NIL | G128: 0 | H128: 0 | J128: NIL | K128: 0 | L128: 0 | M128: =SUM(C128,G128,K128) -> 0 | N128: =D128+H128+L128 -> 0
A129: HPS13 | B129: NIL | C129: 0 | D129: 0 | F129: NIL | G129: 0 | H129: 0 | J129: NIL | K129: 0 | L129: 0 | M129: =SUM(C129,G129,K129) -> 0 | N129: =D129+H129+L129 -> 0
C130: =SUM(C126:C129) -> 0.66666667 | G130: =SUM(G126:G129) -> 0.66666667 | K130: =SUM(K125:K129) -> 11.041667
A131: TC18 | J131: =J4 -> NDIRANGU
A133: TC19 | J133: =J4 -> NDIRANGU
A134: TC20
A135: TC21
A136: TC22
A137: TC23
A138: TC24
A139: TC25
A140: HPS10
A141: HPS11

Sheet BERTH OCCUPANCY
B1: CONTAINER TERMINAL BERTH OCCUPANCY LAST 8HOURS | E1: LAST | F1: 24HRS
B2: ='OTHER REPORTS'!A3 -> TUESDAY 21ST OCTOBER 2025
C3: CRANES IN USE
B4: VESSEL(SHIP NAME) | C4: SHIFT 1 | G4: SHIFT 2 | K4: SHIFT 3
A5: B16 | B5: CANANDRA | C5: 1603 | D5: 1604 | G5: 1603 | H5: 1604 | K5: 1603 | L5: 1604 | M5: 1605
A6: B17A | B6: SATTHA BHUM | C6: 1605 | D6: 1804 | E6: 1901 | G6: 1605 | K6: 1606 | L6: 1804
A7: B17B | B7: NIL
A8: B18 | B8: MSC DAISY | C8: 1902 | D8: 1903 | G8: 1902 | H8: 1903 | L8: 1904 | M8: 1905
A9: B20 | B9: AMU JAMEEL | C9: MHC201 | G9: MHC201 | K9: MHC201 | L9: MHC204
A10: B21A | B10: CMA/CGM FUZHOU | C10: 2101 | K10: 2102 | L10: 2103
A11: B21B | B11: NIL
A12: B22 | B12: MARATHOPOLIS | C12: 2102/2103 | D12: 2201 | E12: 2202 | F12: 2203 | G12: 2201 | H12: 2202 | I12: 2203 | K12: 2201 | L12: 2202 | M12: 2203

Sheet OTHER REPORTS
A1: KENYA PORTS AUTHORITY
A2: CONTAINER TERMINAL ENGINEERING OTHER DATA
A3: TUESDAY 21ST OCTOBER 2025 | B3: EQUIPMENT AVAILABILITY AS AT 0700HRS
A4: EQUIPMENT | B4: AVAILED | D4: REMARKS/FAULTY
A5: SPD-STS | B5: 29 | D5: SPD190 & SPD188
A6: SPD-RMG | B6: 7 | D6: SPD219;SPD 249
A7: SPD-RTG | B7: 50 | D7: SPD101, SPD16 & SPD205
A8: SPD-MHC | B8: 5 | D8: NIL
A9: MANUAL SPREADERS | B9: 22 | D9: NIL
A10: OVER HEIGHT SPREADERS | B10: 13 | D10: OHS180
A11: REEFER POINTS -CT1 | B11: 119 | D11: CT1:[48 POINTS FAULTY AWAITING PO, 120 POINTS BARRICADED AWAITING BACK-UP GENSET] CT2: [24 POINTS FAULTY AWAITING PO]
A12: REEFER POINTS -CT2 | B12: 435
A13: SKELETAL TRAILER | B13: 131 | D13: 27-OUT: BREAKDOWN HTR:169,173,187,195,246,248, 250,277,282, 284, 285, 288,290, 291,292,294,310,330 334,337,369,370,371,372,380,394,397,
A14: LOWBED TRAILER | B14: 10 | D14: NIL
A15: MANLIFT | B15: 1 | D15: ML-01-OUT ML-02-OUT
A16: SHUNTERS | B16: 2 | D16: HPS12 -5TH WHEEL PLATE OUT
A17: FORKLIFTS | B17: 3 | D17: FAULTY:HH123-FAULTY CHARGING SYSTEM
A18: MOBILE CRANES | B18: 1 | D18: NIL
A19: GOOSENECKS | B19: 4 | D19: 5- TAIL SHEARED OUT
A21: UTILITY VEHICLES | B21: 7 | D21: UNDER SERVICE-5, KCD 836G-ACCIDENT. KCD 834G-WRITE-OFF , KCD 839G-GASKET CYLINDER, KCD837G-SUSPENSION;KCA105F-STEERING FAULT;
A22: ACCIDENTS/ INCIDENT | B22: 2 | C22: STS2101. CARTENARY WIRE ROPE PULLEY DETACHED AND FELL DAMAGING A CONTAINER NO.TEMU NO. 0546445 | J22: RTG28 -STEERED INTO CONTAINER
A23: JOBS HANDED OVER TO MAINTENANCE | B23: STS/RMG | C23: STS2101
B24: YARD CRANES | C24: RTG2-05, RTG28
B25: R/STACKERS & ECH
B26: T/TRACTORS & TRAILERS | C26: MRTT118
A27: JOBS HANDED OVER TO MAINTENANCE YET TO BE FINALISED(LONG TERM FAULTS) | B27: GANTRY | C27: RMG05 RTG- 18,19,21,22,23,25, 31,33, 35,39,45, 2-06, 2-07, 2-08, 2-10, 2-20, 2-22 MHC202, MHC203
B28: T/TRACTORS & HTR | C28: MRTT: 108,109,110,113, 114,116,118, 121,122,123, 124. TTT: 43, 44, 127,133,135,168, 169,248,252, KTT: 191, 193, 194, 197,203, 212,223, 224, 226, 228, 235, HTR:169,173,187,195,246,248, 250,277,282, 284, 285, 288,290, 291,292,294,310,330 334,337,369,370,371,372,380,394,397,
B29: R/STACKER ECH | C29: HK 41, 44, 45, 46, 49 ; HH 33, 35. ECH 07,09, 14, 17, 18, 20,24.
A30: EQUIPMENT ON MAINTENANCE | B30: EQUIPMENT CLASS | C30: PREVENTIVE MAINTENANCE | E30: EQUIPMENT RECALLED FOR SPECIAL CORRECTIVE MAINTENANCE ACTIVITIES
C31: EQPT NO. 1 | D31: EQPT NO. 2 | E31: EQUIPMENT | F31: ACTIVITIES | M31: REMARKS & ETF
B32: STS | C32: STS1804 | D32: NIL
B33: RMG | C33: NIL | D33: NIL
B34: RTG | C34: RTG211 | D34: RTG217
B35: MHC | C35: NIL | D35: NIL
B36: R/STACKERS_ECH | C36: HK39 | D36: NIL
B37: T/TRACTORS | C37: KTT221 | D37: KTT193, TTT167
B38: TRAILERS | C38: HTR263 | D38: NIL
B39: SPREADERS | C39: OHS179 | D39: NIL
B40: MAN LIFT | C40: NIL | D40: NIL
B41: PRT | C41: NIL | D41: NIL
B42: STS1603 | C42: O.K (AVAILABLE)
B43: STS1604 | C43: O.K (AVAILABLE)
B44: STS1605 | C44: O.K (AVAILABLE)
B45: STS1606 | C45: O.K (AVAILABLE)
B46: STS1804 | C46: O.K (AVAILABLE)
B47: STS1901 | C47: O.K (AVAILABLE)
B48: STS1902 | C48: O.K (AVAILABLE)
B49: STS1903 | C49: O.K (AVAILABLE)
B50: STS1904 | C50: O.K (AVAILABLE)
B51: STS1905 | C51: O.K (AVAILABLE)
B52: STS2101 | C52: NOT (AVAILABLE)
B53: STS2102 | C53: O.K (AVAILABLE)
B54: STS2103 | C54: O.K (AVAILABLE)
A56: RUBBER TYRED GANTRY CRANES DISTRIBUTION PER BLOCK
A57: CONTAINER TERMINAL 1
A58: BLOCK A | B58: RTG12 | C58: RTG17 | D58: RTG27 | E58: RTG28 | F58: RTG30
A59: BLOCK B | B59: RTG29 | C59: RTG14 | D59: RTG15 | E59: RTG33 | F59: RTG19 | G59: RTG45
A60: BLOCK C | B60: RTG24 | C60: RTG32 | D60: RTG37 | E60: RTG23 | F60: RTG22
A61: BLOCK D | B61: RTG35 | C61: RTG16 | D61: RTG26 | E61: RTG36 | F61: RTG42 | G61: RTG13
A62: BLOCK E | B62: RTG38 | C62: RTG18 | D62: RTG21
A63: BLOCK K | B63: RTG34
A64: BLOCK H | B64: RTG25 | C64: RTG31 | D64: RTG39 | E64: RTG20
A65: BLOCK L | B65: RTG41 | C65: RTG44
A67: CONTAINER TERMINAL 2
A68: BLOCK SA | B68: RTG2-11
A69: BLOCK SB | B69: NONE
A70: BLOCK SC | B70: RTG2-16
A71: BLOCK SD | B71: RTG2-02
A72: BLOCK SE | B72: RTG2-10
A73: BLOCK SF | B73: RTG2-12
A74: BLOCK SG | B74: RTG2-09 | C74: RTG2-19
A75: BLOCK SH | B75: NONE
A76: BLOCK SJ | B76: RTG2-01 | C76: RTG2-15 | D76: RTG2-18
A77: BLOCK SK | B77: RTG2-05
A78: BLOCK SL | B78: RTG2-14 | C78: RTG2-04
A79: BLOCK SM | B79: RTG2-08
A80: BLOCK SN | B80: RTG2-13
A81: BLOCK SP | B81: RTG2-06
A82: BLOCK SQ | B82: RTG2-03 | C82: RTG2-17
A83: BLOCK SR | B83: RTG2-20 | C83: RTG2-07
A84: Note: Those highlighted in red are not operational

Sheet Sheet34
A1: EQUIPMENT | B1: NUMBER OF FAILURES | C1: UPTIME | D1: FAILURE RATE | E1: RELIABILITY %
A2: STS1603 | B2: ='AVAILABILITY DASHBOARD'!M6 -> 10 | C2: =24-'AVAILABILITY DASHBOARD'!H6 -> 24 | D2: =B2/C2 -> 0.41666667 | E2: =(1-D2)*100 -> 58.333333
A3: STS1604 | B3: ='AVAILABILITY DASHBOARD'!M7 -> 0 | C3: =24-'AVAILABILITY DASHBOARD'!H7 -> 24 | D3: =B3/C3 -> 0 | E3: =(1-D3)*100 -> 100
A4: STS1605 | B4: ='AVAILABILITY DASHBOARD'!M8 -> 0 | C4: =24-'AVAILABILITY DASHBOARD'!H8 -> 24 | D4: =B4/C4 -> 0 | E4: =(1-D4)*100 -> 100
A5: STS1606 | B5: ='AVAILABILITY DASHBOARD'!M9 -> 0 | C5: =24-'AVAILABILITY DASHBOARD'!H9 -> 24 | D5: =B5/C5 -> 0 | E5: =(1-D5)*100 -> 100
A6: STS1804 | B6: ='AVAILABILITY DASHBOARD'!M10 -> 3 | C6: =24-'AVAILABILITY DASHBOARD'!H10 -> 23.961806 | D6: =B6/C6 -> 0.12519925 | E6: =(1-D6)*100 -> 87.480075
A7: STS1901 | B7: ='AVAILABILITY DASHBOARD'!M11 -> 0 | C7: =24-'AVAILABILITY DASHBOARD'!H11 -> 24 | D7: =B7/C7 -> 0 | E7: =(1-D7)*100 -> 100
A8: STS1902 | B8: ='AVAILABILITY DASHBOARD'!M12 -> 0 | C8: =24-'AVAILABILITY DASHBOARD'!H12 -> 24 | D8: =B8/C8 -> 0 | E8: =(1-D8)*100 -> 100
A9: STS1903 | B9: ='AVAILABILITY DASHBOARD'!M13 -> 5 | C9: =24-'AVAILABILITY DASHBOARD'!H13 -> 23.809028 | D9: =B9/C9 -> 0.21000438 | E9: =(1-D9)*100 -> 78.999562
A10: STS1904 | B10: ='AVAILABILITY DASHBOARD'!M14 -> 3 | C10: =24-'AVAILABILITY DASHBOARD'!H14 -> 23.954861 | D10: =B10/C10 -> 0.12523554 | E10: =(1-D10)*100 -> 87.476446
A11: STS1905 | B11: ='AVAILABILITY DASHBOARD'!M15 -> 2 | C11: =24-'AVAILABILITY DASHBOARD'!H15 -> 23.586806 | D11: =B11/C11 -> 0.084793169 | E11: =(1-D11)*100 -> 91.520683
A12: STS2101 | B12: ='AVAILABILITY DASHBOARD'!M16 -> 2 | C12: =24-'AVAILABILITY DASHBOARD'!H16 -> 23.517361 | D12: =B12/C12 -> 0.085043555 | E12: =(1-D12)*100 -> 91.495644
A13: STS2102 | B13: ='AVAILABILITY DASHBOARD'!M17 -> 0 | C13: =24-'AVAILABILITY DASHBOARD'!H17 -> 24 | D13: =B13/C13 -> 0 | E13: =(1-D13)*100 -> 100
... A17: STS2203 | B17: ='AVAILABILITY DASHBOARD'!M21 -> 0 | C17: =24-'AVAILABILITY DASHBOARD'!H21 -> 24 | D17: =B17/C17 -> 0 | E17: =(1-D17)*100 -> 100
A18: RMG05 | B18: ='AVAILABILITY DASHBOARD'!M23 -> 0 | C18: =24-'AVAILABILITY DASHBOARD'!H23 -> 23 | D18: =B18/C18 -> 0 | E18: =(1-D18)*100 -> 100
A19: RMG06 | B19: ='AVAILABILITY DASHBOARD'!M24 -> 1 | C19: =24-'AVAILABILITY DASHBOARD'!H24 -> 23.951389 | D19: =B19/C19 -> 0.041751232 | E19: =(1-D19)*100 -> 95.824877
A20: RMG07 | B20: ='AVAILABILITY DASHBOARD'!M25 -> 0 | C20: =24-'AVAILABILITY DASHBOARD'!H25 -> 24 | D20: =B20/C20 -> 0 | E20: =(1-D20)*100 -> 100
A21: RMG08 | B21: ='AVAILABILITY DASHBOARD'!M26 -> 0 | C21: =24-'AVAILABILITY DASHBOARD'!H26 -> 24 | D21: =B21/C21 -> 0 | E21: =(1-D21)*100 -> 100
A22: RMG09 | B22: ='AVAILABILITY DASHBOARD'!M27 -> 0 | C22: =24-'AVAILABILITY DASHBOARD'!H27 -> 24 | D22: =B22/C22 -> 0 | E22: =(1-D22)*100 -> 100
A23: RMG10 | B23: ='AVAILABILITY DASHBOARD'!M28 -> 0 | C23: =24-'AVAILABILITY DASHBOARD'!H28 -> 24 | D23: =B23/C23 -> 0 | E23: =(1-D23)*100 -> 100
A24: RMG2-11 | B24: ='AVAILABILITY DASHBOARD'!M29 -> 0 | C24: =24-'AVAILABILITY DASHBOARD'!H29 -> 24 | D24: =B24/C24 -> 0 | E24: =(1-D24)*100 -> 100
A25: RMG2-12 | B25: ='AVAILABILITY DASHBOARD'!M30 -> 0 | C25: =24-'AVAILABILITY DASHBOARD'!H30 -> 24 | D25: =B25/C25 -> 0 | E25: =(1-D25)*100 -> 100
A26: RTG12 | B26: ='AVAILABILITY DASHBOARD'!M32 -> 0 | C26: =24-'AVAILABILITY DASHBOARD'!H32 -> 24 | D26: =B26/C26 -> 0 | E26: =(1-D26)*100 -> 100
A27: RTG13 | B27: ='AVAILABILITY DASHBOARD'!M33 -> 0 | C27: =24-'AVAILABILITY DASHBOARD'!H33 -> 24 | D27: =B27/C27 -> 0 | E27: =(1-D27)*100 -> 100
A28: RTG14 | B28: ='AVAILABILITY DASHBOARD'!M34 -> 0 | C28: =24-'AVAILABILITY DASHBOARD'!H34 -> 24 | D28: =B28/C28 -> 0 | E28: =(1-D28)*100 -> 100
A29: RTG15 | B29: ='AVAILABILITY DASHBOARD'!M35 -> 0 | C29: =24-'AVAILABILITY DASHBOARD'!H35 -> 24 | D29: =B29/C29 -> 0 | E29: =(1-D29)*100 -> 100
A30: RTG16 | B30: ='AVAILABILITY DASHBOARD'!M36 -> 0 | C30: =24-'AVAILABILITY DASHBOARD'!H36 -> 24 | D30: =B30/C30 -> 0 | E30: =(1-D30)*100 -> 100
A31: RTG17 | B31: ='AVAILABILITY DASHBOARD'!M37 -> 0 | C31: =24-'AVAILABILITY DASHBOARD'!H37 -> 24 | D31: =B31/C31 -> 0 | E31: =(1-D31)*100 -> 100
A32: RTG18 | B32: ='AVAILABILITY DASHBOARD'!M38 -> 0 | C32: =24-'AVAILABILITY DASHBOARD'!H38 -> 23 | D32: =B32/C32 -> 0 | E32: =(1-D32)*100 -> 100
A33: RTG19 | B33: ='AVAILABILITY DASHBOARD'!M39 -> 0 | C33: =24-'AVAILABILITY DASHBOARD'!H39 -> 24 | D33: =B33/C33 -> 0 | E33: =(1-D33)*100 -> 100
A34: RTG20 | B34: ='AVAILABILITY DASHBOARD'!M40 -> 0 | C34: =24-'AVAILABILITY DASHBOARD'!H40 -> 23 | D34: =B34/C34 -> 0 | E34: =(1-D34)*100 -> 100
A35: RTG21 | B35: ='AVAILABILITY DASHBOARD'!M41 -> 0 | C35: =24-'AVAILABILITY DASHBOARD'!H41 -> 24 | D35: =B35/C35 -> 0 | E35: =(1-D35)*100 -> 100
A36: RTG22 | B36: ='AVAILABILITY DASHBOARD'!M42 -> 0 | C36: =24-'AVAILABILITY DASHBOARD'!H42 -> 23 | D36: =B36/C36 -> 0 | E36: =(1-D36)*100 -> 100
A37: RTG23 | B37: ='AVAILABILITY DASHBOARD'!M43 -> 0 | C37: =24-'AVAILABILITY DASHBOARD'!H43 -> 23 | D37: =B37/C37 -> 0 | E37: =(1-D37)*100 -> 100
... A77: RTG220 | B77: ='AVAILABILITY DASHBOARD'!M83 -> 0 | C77: =24-'AVAILABILITY DASHBOARD'!H83 -> 23 | D77: =B77/C77 -> 0 | E77: =(1-D77)*100 -> 100
A78: MHC201 | B78: ='AVAILABILITY DASHBOARD'!M94 -> 1 | C78: =24-'AVAILABILITY DASHBOARD'!H94 -> 23.979167 | D78: =B78/C78 -> 0.041702867 | E78: =(1-D78)*100 -> 95.829713
A79: MHC202 | B79: ='AVAILABILITY DASHBOARD'!M95 -> 0 | C79: =24-'AVAILABILITY DASHBOARD'!H95 -> 23 | D79: =B79/C79 -> 0 | E79: =(1-D79)*100 -> 100
A80: MHC203 | B80: ='AVAILABILITY DASHBOARD'!M96 -> 0 | C80: =24-'AVAILABILITY DASHBOARD'!H96 -> 24 | D80: =B80/C80 -> 0 | E80: =(1-D80)*100 -> 100
A81: MHC204 | B81: ='AVAILABILITY DASHBOARD'!M97 -> 0 | C81: =24-'AVAILABILITY DASHBOARD'!H97 -> 24 | D81: =B81/C81 -> 0 | E81: =(1-D81)*100 -> 100
A82: HK39 | B82: ='AVAILABILITY DASHBOARD'!M99 -> 0 | C82: =24-'AVAILABILITY DASHBOARD'!H99 -> 23 | D82: =B82/C82 -> 0 | E82: =(1-D82)*100 -> 100
A83: HK40 | B83: ='AVAILABILITY DASHBOARD'!M100 -> 1 | C83: =24-'AVAILABILITY DASHBOARD'!H100 -> 23.920139 | D83: =B83/C83 -> 0.041805777 | E83: =(1-D83)*100 -> 95.819422
A84: HK41 | B84: ='AVAILABILITY DASHBOARD'!M101 -> 0 | C84: =24-'AVAILABILITY DASHBOARD'!H101 -> 23 | D84: =B84/C84 -> 0 | E84: =(1-D84)*100 -> 100
A85: HK42 | B85: ='AVAILABILITY DASHBOARD'!M102 -> 0 | C85: =24-'AVAILABILITY DASHBOARD'!H102 -> 24 | D85: =B85/C85 -> 0 | E85: =(1-D85)*100 -> 100
A86: HK43 | B86: ='AVAILABILITY DASHBOARD'!M103 -> 0 | C86: =24-'AVAILABILITY DASHBOARD'!H103 -> 24 | D86: =B86/C86 -> 0 | E86: =(1-D86)*100 -> 100
A87: HK44 | B87: ='AVAILABILITY DASHBOARD'!M104 -> 0 | C87: =24-'AVAILABILITY DASHBOARD'!H104 -> 23 | D87: =B87/C87 -> 0 | E87: =(1-D87)*100 -> 100
A88: HK45 | B88: ='AVAILABILITY DASHBOARD'!M105 -> 0 | C88: =24-'AVAILABILITY DASHBOARD'!H105 -> 23 | D88: =B88/C88 -> 0 | E88: =(1-D88)*100 -> 100
A89: HK46 | B89: ='AVAILABILITY DASHBOARD'!M106 -> 0 | C89: =24-'AVAILABILITY DASHBOARD'!H106 -> 23 | D89: =B89/C89 -> 0 | E89: =(1-D89)*100 -> 100
A90: HK48 | B90: ='AVAILABILITY DASHBOARD'!M107 -> 0 | C90: =24-'AVAILABILITY DASHBOARD'!H107 -> 24 | D90: =B90/C90 -> 0 | E90: =(1-D90)*100 -> 100
A91: HK49 | B91: ='AVAILABILITY DASHBOARD'!M108 -> 0 | C91: =24-'AVAILABILITY DASHBOARD'!H108 -> 23 | D91: =B91/C91 -> 0 | E91: =(1-D91)*100 -> 100
A92: HK50 | B92: ='AVAILABILITY DASHBOARD'!M109 -> 0 | C92: =24-'AVAILABILITY DASHBOARD'!H109 -> 24 | D92: =B92/C92 -> 0 | E92: =(1-D92)*100 -> 100
A93: HK52 | B93: ='AVAILABILITY DASHBOARD'!M110 -> 0 | C93: =24-'AVAILABILITY DASHBOARD'!H110 -> 24 | D93: =B93/C93 -> 0 | E93: =(1-D93)*100 -> 100
... A100: HH35 | B100: ='AVAILABILITY DASHBOARD'!M117 -> 0 | C100: =24-'AVAILABILITY DASHBOARD'!H117 -> 23 | D100: =B100/C100 -> 0 | E100: =(1-D100)*100 -> 100
A101: ECH07 | B101: ='AVAILABILITY DASHBOARD'!M119 -> 0 | C101: =24-'AVAILABILITY DASHBOARD'!H119 -> 23 | D101: =B101/C101 -> 0 | E101: =(1-D101)*100 -> 100
A102: ECH09 | B102: ='AVAILABILITY DASHBOARD'!M120 -> 0 | C102: =24-'AVAILABILITY DASHBOARD'!H120 -> 23 | D102: =B102/C102 -> 0 | E102: =(1-D102)*100 -> 100
A103: ECH12 | B103: ='AVAILABILITY DASHBOARD'!M121 -> 0 | C103: =24-'AVAILABILITY DASHBOARD'!H121 -> 24 | D103: =B103/C103 -> 0 | E103: =(1-D103)*100 -> 100
A104: ECH14 | B104: ='AVAILABILITY DASHBOARD'!M122 -> 0 | C104: =24-'AVAILABILITY DASHBOARD'!H122 -> 23 | D104: =B104/C104 -> 0 | E104: =(1-D104)*100 -> 100
A105: ECH17 | B105: ='AVAILABILITY DASHBOARD'!M123 -> 0 | C105: =24-'AVAILABILITY DASHBOARD'!H123 -> 23 | D105: =B105/C105 -> 0 | E105: =(1-D105)*100 -> 100
A106: ECH18 | B106: ='AVAILABILITY DASHBOARD'!M124 -> 0 | C106: =24-'AVAILABILITY DASHBOARD'!H124 -> 23 | D106: =B106/C106 -> 0 | E106: =(1-D106)*100 -> 100
A107: ECH19 | B107: ='AVAILABILITY DASHBOARD'!M125 -> 0 | C107: =24-'AVAILABILITY DASHBOARD'!H125 -> 24 | D107: =B107/C107 -> 0 | E107: =(1-D107)*100 -> 100
A108: ECH20 | B108: ='AVAILABILITY DASHBOARD'!M126 -> 0 | C108: =24-'AVAILABILITY DASHBOARD'!H126 -> 23 | D108: =B108/C108 -> 0 | E108: =(1-D108)*100 -> 100
A109: ECH21 | B109: ='AVAILABILITY DASHBOARD'!M127 -> 0 | C109: =24-'AVAILABILITY DASHBOARD'!H127 -> 24 | D109: =B109/C109 -> 0 | E109: =(1-D109)*100 -> 100
A110: ECH22 | B110: ='AVAILABILITY DASHBOARD'!M128 -> 1 | C110: =24-'AVAILABILITY DASHBOARD'!H128 -> 23.989583 | D110: =B110/C110 -> 0.041684759 | E110: =(1-D110)*100 -> 95.831524
A111: ECH23 | B111: ='AVAILABILITY DASHBOARD'!M129 -> 1 | C111: =24-'AVAILABILITY DASHBOARD'!H129 -> 23.965278 | D111: =B111/C111 -> 0.041727036 | E111: =(1-D111)*100 -> 95.827296
A112: ECH24 | B112: ='AVAILABILITY DASHBOARD'!M130 -> 0 | C112: =24-'AVAILABILITY DASHBOARD'!H130 -> 23 | D112: =B112/C112 -> 0 | E112: =(1-D112)*100 -> 100
... A121: ECH33 | B121: ='AVAILABILITY DASHBOARD'!M139 -> 0 | C121: =24-'AVAILABILITY DASHBOARD'!H139 -> 24 | D121: =B121/C121 -> 0 | E121: =(1-D121)*100 -> 100
A122: MRTT108 | B122: ='AVAILABILITY DASHBOARD'!M141 -> 0 | C122: =24-'AVAILABILITY DASHBOARD'!H141 -> 23 | D122: =B122/C122 -> 0 | E122: =(1-D122)*100 -> 100
A123: MRTT109 | B123: ='AVAILABILITY DASHBOARD'!M142 -> 0 | C123: =24-'AVAILABILITY DASHBOARD'!H142 -> 23 | D123: =B123/C123 -> 0 | E123: =(1-D123)*100 -> 100
A124: MRTT110 | B124: ='AVAILABILITY DASHBOARD'!M143 -> 0 | C124: =24-'AVAILABILITY DASHBOARD'!H143 -> 23 | D124: =B124/C124 -> 0 | E124: =(1-D124)*100 -> 100
A125: MRTT111 | B125: ='AVAILABILITY DASHBOARD'!M144 -> 0 | C125: =24-'AVAILABILITY DASHBOARD'!H144 -> 24 | D125: =B125/C125 -> 0 | E125: =(1-D125)*100 -> 100
A126: MRTT113 | B126: ='AVAILABILITY DASHBOARD'!M145 -> 0 | C126: =24-'AVAILABILITY DASHBOARD'!H145 -> 23 | D126: =B126/C126 -> 0 | E126: =(1-D126)*100 -> 100
A127: MRTT114 | B127: ='AVAILABILITY DASHBOARD'!M146 -> 0 | C127: =24-'AVAILABILITY DASHBOARD'!H146 -> 23 | D127: =B127/C127 -> 0 | E127: =(1-D127)*100 -> 100
A128: MRTT116 | B128: ='AVAILABILITY DASHBOARD'!M147 -> 0 | C128: =24-'AVAILABILITY DASHBOARD'!H147 -> 23 | D128: =B128/C128 -> 0 | E128: =(1-D128)*100 -> 100
A129: MRTT117 | B129: ='AVAILABILITY DASHBOARD'!#REF! -> #REF! | C129: =24-'AVAILABILITY DASHBOARD'!#REF! -> #REF! | D129: =B129/C129 -> #REF! | E129: =(1-D129)*100 -> #REF!
A130: MRTT118 | B130: ='AVAILABILITY DASHBOARD'!M148 -> 1 | C130: =24-'AVAILABILITY DASHBOARD'!H148 -> 23.34375 | D130: =B130/C130 -> 0.042838019 | E130: =(1-D130)*100 -> 95.716198
A131: MRTT121 | B131: ='AVAILABILITY DASHBOARD'!M149 -> 0 | C131: =24-'AVAILABILITY DASHBOARD'!H149 -> 23 | D131: =B131/C131 -> 0 | E131: =(1-D131)*100 -> 100
A132: MRTT122 | B132: ='AVAILABILITY DASHBOARD'!M150 -> 0 | C132: =24-'AVAILABILITY DASHBOARD'!H150 -> 23 | D132: =B132/C132 -> 0 | E132: =(1-D132)*100 -> 100
A133: MRTT123 | B133: ='AVAILABILITY DASHBOARD'!M151 -> 0 | C133: =24-'AVAILABILITY DASHBOARD'!H151 -> 23 | D133: =B133/C133 -> 0 | E133: =(1-D133)*100 -> 100
A134: MRTT124 | B134: ='AVAILABILITY DASHBOARD'!M152 -> 0 | C134: =24-'AVAILABILITY DASHBOARD'!H152 -> 23 | D134: =B134/C134 -> 0 | E134: =(1-D134)*100 -> 100
A135: KTT191 | B135: ='AVAILABILITY DASHBOARD'!M153 -> 0 | C135: =24-'AVAILABILITY DASHBOARD'!H153 -> 23 | D135: =B135/C135 -> 0 | E135: =(1-D135)*100 -> 100
A136: KTT192 | B136: ='AVAILABILITY DASHBOARD'!M154 -> 0 | C136: =24-'AVAILABILITY DASHBOARD'!H154 -> 24 | D136: =B136/C136 -> 0 | E136: =(1-D136)*100 -> 100
A137: KTT193 | B137: ='AVAILABILITY DASHBOARD'!M155 -> 0 | C137: =24-'AVAILABILITY DASHBOARD'!H155 -> 23 | D137: =B137/C137 -> 0 | E137: =(1-D137)*100 -> 100
A138: KTT194 | B138: ='AVAILABILITY DASHBOARD'!M156 -> 0 | C138: =24-'AVAILABILITY DASHBOARD'!H156 -> 23 | D138: =B138/C138 -> 0 | E138: =(1-D138)*100 -> 100
A139: KTT197 | B139: ='AVAILABILITY DASHBOARD'!M157 -> 0 | C139: =24-'AVAILABILITY DASHBOARD'!H157 -> 23 | D139: =B139/C139 -> 0 | E139: =(1-D139)*100 -> 100
A140: KTT199 | B140: ='AVAILABILITY DASHBOARD'!M158 -> 0 | C140: =24-'AVAILABILITY DASHBOARD'!H158 -> 24 | D140: =B140/C140 -> 0 | E140: =(1-D140)*100 -> 100
A141: KTT200 | B141: ='AVAILABILITY DASHBOARD'!M159 -> 0 | C141: =24-'AVAILABILITY DASHBOARD'!H159 -> 24 | D141: =B141/C141 -> 0 | E141: =(1-D141)*100 -> 100
... A197: TTT179 | B197: ='AVAILABILITY DASHBOARD'!M215 -> 0 | C197: =24-'AVAILABILITY DASHBOARD'!H215 -> 24 | D197: =B197/C197 -> 0 | E197: =(1-D197)*100 -> 100
A198: TTT180 | B198: ='AVAILABILITY DASHBOARD'!#REF! -> #REF! | C198: =24-'AVAILABILITY DASHBOARD'!#REF! -> #REF! | D198: =B198/C198 -> #REF! | E198: =(1-D198)*100 -> #REF!
A199: TTT181 | B199: ='AVAILABILITY DASHBOARD'!#REF! -> #REF! | C199: =24-'AVAILABILITY DASHBOARD'!#REF! -> #REF! | D199: =B199/C199 -> #REF! | E199: =(1-D199)*100 -> #REF!
A200: TTT182 | B200: ='AVAILABILITY DASHBOARD'!M216 -> 0 | C200: =24-'AVAILABILITY DASHBOARD'!H216 -> 24 | D200: =B200/C200 -> 0 | E200: =(1-D200)*100 -> 100
A201: TTT183 | B201: ='AVAILABILITY DASHBOARD'!M217 -> 0 | C201: =24-'AVAILABILITY DASHBOARD'!H217 -> 24 | D201: =B201/C201 -> 0 | E201: =(1-D201)*100 -> 100
A202: TTT185 | B202: ='AVAILABILITY DASHBOARD'!M218 -> 0 | C202: =24-'AVAILABILITY DASHBOARD'!H218 -> 24 | D202: =B202/C202 -> 0 | E202: =(1-D202)*100 -> 100
A203: TTT186 | B203: ='AVAILABILITY DASHBOARD'!M219 -> 0 | C203: =24-'AVAILABILITY DASHBOARD'!H219 -> 24 | D203: =B203/C203 -> 0 | E203: =(1-D203)*100 -> 100
A204: TTT187 | B204: ='AVAILABILITY DASHBOARD'!M220 -> 0 | C204: =24-'AVAILABILITY DASHBOARD'!H220 -> 24 | D204: =B204/C204 -> 0 | E204: =(1-D204)*100 -> 100
A205: TTT188 | B205: ='AVAILABILITY DASHBOARD'!M221 -> 3 | C205: =24-'AVAILABILITY DASHBOARD'!H221 -> 23.954861 | D205: =B205/C205 -> 0.12523554 | E205: =(1-D205)*100 -> 87.476446
A206: TTT189 | B206: ='AVAILABILITY DASHBOARD'!M222 -> 0 | C206: =24-'AVAILABILITY DASHBOARD'!H222 -> 24 | D206: =B206/C206 -> 0 | E206: =(1-D206)*100 -> 100
A207: TTT190 | B207: ='AVAILABILITY DASHBOARD'!M223 -> 0 | C207: =24-'AVAILABILITY DASHBOARD'!H223 -> 24 | D207: =B207/C207 -> 0 | E207: =(1-D207)*100 -> 100
A208: TTT241 | B208: ='AVAILABILITY DASHBOARD'!M224 -> 0 | C208: =24-'AVAILABILITY DASHBOARD'!H224 -> 24 | D208: =B208/C208 -> 0 | E208: =(1-D208)*100 -> 100
A209: TTT242 | B209: ='AVAILABILITY DASHBOARD'!M225 -> 0 | C209: =24-'AVAILABILITY DASHBOARD'!H225 -> 24 | D209: =B209/C209 -> 0 | E209: =(1-D209)*100 -> 100
A210: TTT243 | B210: ='AVAILABILITY DASHBOARD'!M226 -> 0 | C210: =24-'AVAILABILITY DASHBOARD'!H226 -> 24 | D210: =B210/C210 -> 0 | E210: =(1-D210)*100 -> 100
A211: TTT244 | B211: ='AVAILABILITY DASHBOARD'!M227 -> 0 | C211: =24-'AVAILABILITY DASHBOARD'!H227 -> 24 | D211: =B211/C211 -> 0 | E211: =(1-D211)*100 -> 100
...

Sheet DAILY MORNING BRIEFING
A1: DAILY MORNING BRIEFING MEETING
A2: EQUIPMENT | B2: HOLDING | C2: AVAILABILITY | D2: TOTAL DOWN TIME PER SHIFT (MIN) | G2: TOTAL DOWN TIME (HRS) | H2: TOTAL DOWN TIME (MIN)
D3: 1ST SHIFT | E3: 2ND SHIFT | F3: 3RD SHIFT
A4: STS | B4: ='AVAILABILITY DASHBOARD'!D5 -> 16 | C4: ='AVAILABILITY DASHBOARD'!E5 -> 15 | D4: =CONVERT('STS RMG FAULTS'!D25,"hr","min") -> 40.833333 | E4: =CONVERT('STS RMG FAULTS'!H25,"hr","min") -> 25.625 | F4: =CONVERT('STS RMG FAULTS'!L25,"hr","min") -> 22.916667 | G4: ='STS RMG FAULTS'!O26 -> 1.4895833 | H4: ='AVAILABILITY DASHBOARD'!G22 -> 89.375
A5: RMG | B5: ='AVAILABILITY DASHBOARD'!D22 -> 8 | C5: ='AVAILABILITY DASHBOARD'!E22 -> 7 | D5: =CONVERT('STS RMG FAULTS'!D37,"hr","min") -> 20 | E5: =CONVERT('STS RMG FAULTS'!H37,"hr","min") -> 20 | F5: =CONVERT('STS RMG FAULTS'!L37,"hr","min") -> 22.916667 | G5: ='STS RMG FAULTS'!O37 -> 1.0486111 | H5: ='AVAILABILITY DASHBOARD'!G31 -> 62.916667
A6: RTGs | B6: ='AVAILABILITY DASHBOARD'!D31 -> 52 | C6: ='AVAILABILITY DASHBOARD'!E31 -> 43 | D6: =CONVERT('RTG&HARBOUR FAULTS'!C71,"hr","min") -> 300.625 | E6: =CONVERT('RTG&HARBOUR FAULTS'!G71,"hr","min") -> 284.58333 | F6: =CONVERT('RTG&HARBOUR FAULTS'!K71,"hr","min") -> 297.08333 | G6: ='RTG&HARBOUR FAULTS'!N72 -> 16.739583 | H6: ='AVAILABILITY DASHBOARD'!G93 -> 942.29167
A7: MHC | B7: ='AVAILABILITY DASHBOARD'!D93 -> 4 | C7: ='AVAILABILITY DASHBOARD'!E93 -> 2 | D7: =CONVERT('RTG&HARBOUR FAULTS'!C79,"hr","min") -> 20 | E7: =CONVERT('RTG&HARBOUR FAULTS'!G79,"hr","min") -> 21.25 | F7: =CONVERT('RTG&HARBOUR FAULTS'!K79,"hr","min") -> 20 | G7: ='RTG&HARBOUR FAULTS'!N79 -> 1.0208333 | H7: ='AVAILABILITY DASHBOARD'!G98 -> 61.25
A8: RS | B8: ='AVAILABILITY DASHBOARD'!D98 -> 19 | C8: ='AVAILABILITY DASHBOARD'!E98 -> 10 | D8: =CONVERT('CONTAINER HANDLERS FAULTS'!D30,"hr","min") -> 198.54167 | E8: =CONVERT('CONTAINER HANDLERS FAULTS'!H30,"hr","min") -> 182.5 | F8: =CONVERT('CONTAINER HANDLERS FAULTS'!L30,"hr","min") -> 197.91667 | G8: ='CONTAINER HANDLERS FAULTS'!O30 -> 9.6493056 | H8: ='AVAILABILITY DASHBOARD'!G118 -> 578.95833
A9: ECH | B9: ='AVAILABILITY DASHBOARD'!D118 -> 21 | C9: ='AVAILABILITY DASHBOARD'!E118 -> 13 | D9: =CONVERT('CONTAINER HANDLERS FAULTS'!D52,"hr","min") -> 140.625 | E9: =CONVERT('CONTAINER HANDLERS FAULTS'!H52,"hr","min") -> 140 | F9: =CONVERT('CONTAINER HANDLERS FAULTS'!L52,"hr","min") -> 142.08333 | G9: ='CONTAINER HANDLERS FAULTS'!O52 -> 7.0451389 | H9: ='AVAILABILITY DASHBOARD'!G140 -> 422.70833
A10: TTs | B10: ='AVAILABILITY DASHBOARD'!D140 -> 116 | C10: ='AVAILABILITY DASHBOARD'!E140 -> 85 | D10: =CONVERT('TERMINAL TRACTORS'!C125,"hr","min") -> 600.83333 | E10: =CONVERT('TERMINAL TRACTORS'!G125,"hr","min") -> 620 | F10: =CONVERT('TERMINAL TRACTORS'!K125,"hr","min") -> 622.5 | G10: ='TERMINAL TRACTORS'!#REF! -> #REF! | H10: ='AVAILABILITY DASHBOARD'!G262 -> 1843.3333
A12: UNDER MAINTENANCE
A13: STS | B13: ='OTHER REPORTS'!C32 -> STS1804 | C13: ='OTHER REPORTS'!D32 -> NIL
A14: RMG | B14: ='OTHER REPORTS'!C33 -> NIL | C14: ='OTHER REPORTS'!D33 -> NIL
A15: RTGs | B15: ='OTHER REPORTS'!C34 -> RTG211 | C15: ='OTHER REPORTS'!D34 -> RTG217
A16: MHC | B16: ='OTHER REPORTS'!C35 -> NIL | C16: ='OTHER REPORTS'!D35 -> NIL
A17: RS/ECH | B17: ='OTHER REPORTS'!C36 -> HK39 | C17: ='OTHER REPORTS'!D36 -> NIL
A18: TTs | B18: ='OTHER REPORTS'!C37 -> KTT221 | C18: ='OTHER REPORTS'!D37 -> KTT193, TTT167
A19: TRAILER | B19: ='OTHER REPORTS'!C38 -> HTR263
A20: SPREADER | B20: ='OTHER REPORTS'!C39 -> OHS179

Sheet Sheet33

Sheet Sheet27

Sheet Sheet18

Sheet Sheet5

Sheet SHIFT HANDOVER
A1: CONTAINER TERMINAL ENGINEERING SHIFT HANDOVER NOTES
A3: DATE: | B3: 42149
A4: SHIFT INCHARGE | E4: KALEVE
A6: STAFF | B6: PRESENT | E6: HM4 - HM2 | I6: HG4 - HG1 | N6: UTILITY VEHICLES
E7: NAME | H7: SECT. | I7: NAME | L7: SECT. | N7: REG. | O7: STATUS
E8: KALEVE | H8: I/C | I8: OTIENO | N8: KBW688W | O8: AVAIL.
E9: NDIRANGU | H9: GANTRY | I9: KADGHE | N9: KCA105F | O9: AVAIL.
E10: OWITI | H10: GANTRY | I10: MBOSYO | N10: KBU397T | O10: AVAIL.
E11: OLUMA | H11: GANTRY | I11: TOLE | L11: CONTROL | N11: KCA075F | O11: AVAIL.
E12: NOOR | H12: M/PLANT | I12: FONDO | L12: U/DIRIVER | N12: KXXX111P | O12: SERVICE
E13: NGONDO | H13: M/PLANT | I13: MWALATA | L13: U/DIRIVER
I14: SUAKA | L14: REFFER
I15: AMANI | L15: BATTERIES
I16: WUANTAI | L16: MSPD
I17: OSIEMO | L17: MSPD
B20: ABSENT
A24: EQUIPMENT HANDED OVER | B24: EQP. OUT | E24: TIME OUT | F24: PERSON H/OVER TO:
B25: STS1902 | F25: RUTERE
A39: ARES OF CONCERN NOTED
A40: EQUIP. | C40: PERSISTENT FAULT | I40: SHIFT | J40: CAUSE OF FAULT
A53: SNR. SUPT. SHIFT. JACKSON KALEVE
A54: SIGN.OUT…………………………………………………………………………
A55: SNR. SUPT. SHIFT.: GEORGE OMAMBIA
A56: SIGN.IN…………………………………………………………………………….
